1.126470588235294288e-08,3.279411764705882548e-09
6.642187500000000727e-08,3.140625000000000205e-09
2.001486486486486672e-07,4.702702702702702984e-09
2.156500000000000285e-07,3.033333333333333198e-09
2.840000000000000020e-07,3.283582089552239227e-09
2.989677419354838806e-07,2.500000000000000052e-09
3.514655172413793498e-07,2.810344827586206990e-09
3.663050847457627572e-07,2.559322033898304897e-09
4.351851851851851969e-07,4.395061728395061961e-09
4.500895522388060023e-07,2.865671641791044918e-09
5.186301369863014125e-07,3.931506849315068843e-09
5.336896551724139028e-07,2.327586206896551616e-09
5.878030303030302611e-07,5.212121212121212245e-09
6.028977272727272371e-07,4.068181818181818289e-09
6.177796610169491870e-07,2.627118644067796798e-09
7.013058823529411744e-07,5.094117647058823114e-09
7.163835616438356858e-07,3.684931506849315284e-09
7.310862068965517826e-07,2.706896551724138010e-09
7.878181818181819352e-07,2.472727272727272836e-09
8.168333333333334677e-07,4.576923076923076739e-09
8.705714285714286340e-07,3.376623376623376807e-09
8.851011235955057213e-07,5.179775280898877050e-09
9.388305084745762944e-07,2.711864406779661158e-09
9.539480519480520154e-07,4.194805194805195359e-09
1.023291666666666660e-06,3.986111111111111787e-09
1.077561643835616584e-06,3.493150684931507098e-09
1.134571428571428774e-06,3.610389610389610856e-09
1.175934426229508431e-06,2.967213114754098698e-09
1.259176470588235513e-06,4.400000000000000522e-09
1.299500000000000009e-06,4.024390243902439431e-09
1.339558441558441591e-06,3.701298701298701715e-09
1.379620000000000015e-06,2.140000000000000055e-09
1.433551724137930980e-06,5.298850574712644006e-09
1.472615384615384681e-06,4.256410256410256283e-09
1.512469879518072272e-06,4.265060240963855652e-09
2.694000000000000168e-07,5.960000000000000098e-09
8.020597014925374272e-07,5.134328358208955581e-09
1.393771084337349328e-06,5.650602409638554427e-09
5.150000000000000455e-08,6.500000000000000301e-09
1.634444444444444742e-07,6.206349206349206700e-09
4.201219512195122039e-07,6.731707317073171292e-09
6.862643678160920161e-07,7.137931034482759557e-09
1.092623188405797150e-06,6.130434782608696133e-09
1.149648648648648772e-06,7.054054054054054890e-09
5.042499999999999790e-07,6.821428571428571654e-09
5.725890410958903594e-07,7.328767123287672055e-09
8.315949367088608655e-07,7.810126582278481674e-09
9.684473684210526677e-07,6.986842105263157593e-09
1.191171428571428580e-06,6.928571428571429047e-09
1.850588235294117745e-07,7.970588235294117687e-09
4.896575342465753739e-07,8.602739726027399190e-09
9.002658227848101045e-07,8.101265822784811971e-09
1.313658536585366002e-06,9.000000000000001181e-09
1.353684210526315947e-06,8.171052631578947744e-09
1.526629629629629590e-06,8.938271604938272478e-09
3.693055555555555813e-08,9.388888888888889692e-09
9.203076923076923735e-08,8.907692307692308810e-09
1.486111111111111206e-07,9.180555555555556147e-09
2.544683544303797563e-07,9.177215189873417537e-09
4.050144927536232002e-07,9.260869565217391872e-09
6.574111111111111503e-07,1.018888888888888858e-08
6.719836065573770250e-07,8.704918032786886334e-09
9.838115942028986212e-07,9.434782608695653436e-09
1.109031250000000166e-06,9.500000000000000695e-09
1.232789473684210673e-06,8.491228070175438530e-09
1.273217948717948762e-06,9.423076923076923719e-09
1.487085365853658524e-06,9.536585365853659882e-09
3.379333333333333815e-07,9.966666666666668232e-09
5.576790123456789807e-07,1.038271604938271717e-08
7.566301369863015055e-07,1.054794520547945311e-08
8.460465116279069848e-07,1.073255813953488460e-08
9.143500000000000845e-07,1.127500000000000170e-08
1.052132530120482077e-06,1.061445783132530197e-08
1.163957446808510737e-06,1.119148936170212949e-08
1.408226190476190542e-06,1.053571428571428718e-08
1.448271428571428626e-06,1.050000000000000138e-08
2.400705882352941264e-07,1.125882352941176665e-08
3.229529411764705708e-07,1.164705882352941115e-08
3.901866666666667089e-07,1.140000000000000116e-08
4.741075268817204557e-07,1.186021505376344006e-08
6.423246753246753670e-07,1.181818181818181903e-08
7.716962025316455715e-07,1.141772151898734264e-08
1.204775000000000251e-06,1.168750000000000126e-08
7.701492537313434281e-08,1.289552238805970254e-08
1.338000000000000202e-07,1.226153846153846329e-08
5.427407407407407803e-07,1.248148148148148149e-08
6.271875000000000831e-07,1.308750000000000056e-08
7.407837837837838372e-07,1.231081081081081164e-08
9.290975609756098665e-07,1.279268292682926962e-08
9.984074074074075170e-07,1.248148148148148149e-08
1.123443037974683630e-06,1.302531645569620388e-08
1.327935483870967866e-06,1.335483870967742025e-08
2.197402597402597665e-08,1.385714285714285809e-08
2.250749999999999955e-07,1.367500000000000168e-08
3.080235294117647034e-07,1.344705882352941238e-08
3.756212121212121357e-07,1.289393939393939495e-08
4.592400000000000280e-07,1.378666666666666869e-08
8.606973684210526194e-07,1.409210526315789685e-08
1.066895348837209235e-06,1.374418604651162825e-08
1.246821428571428843e-06,1.394047619047619052e-08
1.287623655913978523e-06,1.425806451612903271e-08
1.013357142857142999e-06,1.503571428571428611e-08
1.461984126984127087e-06,1.442857142857142920e-08
1.501130434782608874e-06,1.494565217391304482e-08
2.098555555555555664e-07,1.636666666666666764e-08
3.605714285714285935e-07,1.480952380952381050e-08
4.443012048192771613e-07,1.610843373493976033e-08
5.282537313432835709e-07,1.547761194029850739e-08
6.119166666666666172e-07,1.558333333333333391e-08
7.258450704225352006e-07,1.550704225352112810e-08
7.916268656716418701e-07,1.568656716417910682e-08
9.438352941176471475e-07,1.554117647058823510e-08
1.381853333333333375e-06,1.541333333333333636e-08
1.422188235294117694e-06,1.532941176470588416e-08
6.974025974025973856e-09,1.715584415584415744e-08
1.173768115942029121e-07,1.576811594202898889e-08
2.929705882352941832e-07,1.594117647058823537e-08
8.752619047619048542e-07,1.708333333333333410e-08
1.081875000000000124e-06,1.692500000000000101e-08
1.179526315789473830e-06,1.634210526315789549e-08
6.206060606060607009e-08,1.696969696969697126e-08
5.135306122448979937e-07,1.814285714285714224e-08
5.971818181818181451e-07,1.785714285714285917e-08
7.108918918918918773e-07,1.763513513513513888e-08
1.139090909090909062e-06,1.737662337662337933e-08
1.220923076923076910e-06,1.712307692307692319e-08
1.731355932203390002e-07,1.757627118644067850e-08
4.290266666666666517e-07,1.860000000000000112e-08
8.213600000000000439e-07,1.874666666666666645e-08
8.897228915662650906e-07,1.931325301204819354e-08
9.587027027027028571e-07,1.822972972972973147e-08
1.027849315068493187e-06,1.898630136986301660e-08
1.301916666666666893e-06,1.898809523809523891e-08
1.341910447761194109e-06,1.791044776119402929e-08
1.026666666666666728e-07,1.984057971014492566e-08
4.983529411764706723e-07,2.024705882352941206e-08
5.816538461538462225e-07,1.930769230769230929e-08
6.959583333333334392e-07,1.930555555555555748e-08
8.067407407407408149e-07,1.943209876543209900e-08
1.261448717948718102e-06,1.919230769230769466e-08
1.475680555555555772e-06,1.961111111111111356e-08
1.515500000000000144e-06,1.900000000000000139e-08
4.735526315789474068e-08,2.065789473684210826e-08
1.582790697674418632e-07,2.032558139534883793e-08
1.948524590163934764e-07,1.934426229508196816e-08
2.643200000000000269e-07,2.037333333333333577e-08
4.146956521739131006e-07,2.065217391304347963e-08
1.098298507462686578e-06,2.052238805970149403e-08
1.396604938271604944e-06,2.040740740740740853e-08
1.436840579710145094e-06,2.008695652173913120e-08
5.669090909090908888e-07,2.154545454545454708e-08
6.661449275362318761e-07,2.182608695652174022e-08
6.810000000000000232e-07,2.100000000000000276e-08
8.360340909090909379e-07,2.221590909090909087e-08
9.044367816091954004e-07,2.220689655172413974e-08
1.042265060240963776e-06,2.233734939759036230e-08
1.112670731707317167e-06,2.371951219512195049e-08
1.193718750000000149e-06,2.098437500000000158e-08
2.494390243902439032e-07,2.306097560975610166e-08
1.234695121951219689e-06,2.304878048780487752e-08
1.316166666666666799e-06,2.344047619047619287e-08
1.356061728395061781e-06,2.259259259259259270e-08
3.269736842105262989e-08,2.380263157894736980e-08
1.436338028169014151e-07,2.301408450704225404e-08
3.319714285714286154e-07,2.345714285714285638e-08
4.837285714285714692e-07,2.345714285714285638e-08
6.513000000000000153e-07,2.363750000000000238e-08
7.629655172413794016e-07,2.366666666666667014e-08
9.874931506849315953e-07,2.368493150684931322e-08
1.276000000000000150e-06,2.410989010989011075e-08
1.529531914893617291e-06,2.382978723404255256e-08
8.829729729729729350e-08,2.377027027027027074e-08
3.170352941176471199e-07,2.536470588235294175e-08
4.002586206896552139e-07,2.313793103448276055e-08
8.505256410256410606e-07,2.492307692307692355e-08
9.192592592592592616e-07,2.451851851851851896e-08
1.056692307692307687e-06,2.476923076923077291e-08
1.167631578947368487e-06,2.557894736842105338e-08
1.411011904761904976e-06,2.536904761904762264e-08
1.489914285714285902e-06,2.430000000000000253e-08
2.342624999999999975e-07,2.548750000000000241e-08
3.855584415584415980e-07,2.553246753246753228e-08
6.365270270270269798e-07,2.563513513513513772e-08
7.781617647058823390e-07,2.504411764705882474e-08
1.208015625000000157e-06,2.571875000000000324e-08
1.276746987951807134e-07,2.637349397590361594e-08
4.685000000000000460e-07,2.600000000000000121e-08
5.377466666666667412e-07,2.662666666666666819e-08
7.355384615384615542e-07,2.632051282051282332e-08
1.370328767123287647e-06,2.667123287671232882e-08
7.346575342465754105e-08,2.761643835616438537e-08
3.019871794871795265e-07,2.726923076923077213e-08
4.535324675324675829e-07,2.776623376623376976e-08
6.216521739130435541e-07,2.686956521739130572e-08
9.337848101265824225e-07,2.727848101265823137e-08
1.002700000000000158e-06,2.664285714285714557e-08
1.071280000000000101e-06,2.780000000000000409e-08
1.127879518072289243e-06,2.756626506024096856e-08
1.330404761904762068e-06,2.816666666666667073e-08
1.731081081081081174e-08,2.800000000000000257e-08
2.195733333333333460e-07,2.828000000000000243e-08
8.650821917808220443e-07,2.817808219178082142e-08
1.249382716049382696e-06,2.867901234567901499e-08
1.464409090909091084e-06,2.884090909090909229e-08
1.826250000000000091e-07,2.876785714285714309e-08
3.702105263157894800e-07,2.917543859649123124e-08
5.225068493150685587e-07,2.968493150684931401e-08
6.056981132075472271e-07,2.920754716981132271e-08
7.206867469879518385e-07,2.925301204819277447e-08
7.959487179487179638e-07,2.979487179487179646e-08
9.486282051282051518e-07,2.960256410256410320e-08
1.384527027027027272e-06,2.983783783783783871e-08
1.504575342465753647e-06,2.926027397260274243e-08
1.130468750000000029e-07,3.017187500000000361e-08
2.039047619047619004e-07,3.047619047619047683e-08
4.387594936708860997e-07,3.048101265822785140e-08
1.017240000000000022e-06,2.996000000000000490e-08
1.182683544303797410e-06,3.099999999999999966e-08
1.425128571428571468e-06,2.995714285714285502e-08
3.062500000000000126e-09,3.178124999999999879e-08
5.735483870967741720e-08,3.099999999999999966e-08
1.680476190476190455e-07,3.161904761904762236e-08
3.556923076923076969e-07,3.200000000000000199e-08
5.913866666666666841e-07,3.168000000000000310e-08
7.057887323943662336e-07,3.150704225352112909e-08
8.802941176470588531e-07,2.992156862745098090e-08
1.142333333333333252e-06,3.206896551724138352e-08
1.223073170731707364e-06,3.203658536585366118e-08
2.732083333333333363e-07,3.200000000000000199e-08
4.243098591549296156e-07,3.261971830985915725e-08
5.072891566265060605e-07,3.226506024096385740e-08
9.631500000000000450e-07,3.238750000000000464e-08
1.031831168831168865e-06,3.301298701298701193e-08
5.765569620253165048e-07,3.332911392405063541e-08
6.912948717948718965e-07,3.355128205128205240e-08
8.255238095238095649e-07,3.311111111111111864e-08
8.940602409638555432e-07,3.333734939759036154e-08
1.263760000000000035e-06,3.381333333333333568e-08
1.304677966101694869e-06,3.344067796610169983e-08
1.344689189189189337e-06,3.300000000000000433e-08
1.534383561643835467e-07,3.460273972602739709e-08
2.584588235294117567e-07,3.475294117647059075e-08
3.410238095238095344e-07,3.480952380952380926e-08
6.758297872340426205e-07,3.550000000000000025e-08
8.105000000000000115e-07,3.350000000000000219e-08
9.780465116279070550e-07,3.508139534883721673e-08
1.102360655737705054e-06,3.406557377049180261e-08
1.398893333333333427e-06,3.502666666666666400e-08
1.478808823529411749e-06,3.395588235294117749e-08
1.518173333333333579e-06,3.424000000000000088e-08
4.262025316455696689e-08,3.500000000000000239e-08
4.092278481012658540e-07,3.550632911392405479e-08
1.196724999999999964e-06,3.608749999999999806e-08
3.262799999999999809e-07,3.707999999999999851e-08
5.615362318840579988e-07,3.614492753623188605e-08
6.612463768115942581e-07,3.605797101449275196e-08
8.406716417910448041e-07,3.602985074626866131e-08
9.089710144927536795e-07,3.613043478260869924e-08
1.046776315789473916e-06,3.630263157894737255e-08
1.156463768115942006e-06,3.610144927536232562e-08
2.435466666666666611e-07,3.740000000000000403e-08
3.941309523809524412e-07,3.773809523809524137e-08
7.531527777777778984e-07,3.705555555555556091e-08
7.683086419753086980e-07,3.708641975308642195e-08
9.925199999999999434e-07,3.756000000000000678e-08
1.237394736842105299e-06,3.769736842105263496e-08
1.318847222222222232e-06,3.775000000000000385e-08
1.359328358208955414e-06,3.698507462686567877e-08
2.786516853932584466e-08,3.822471910112359710e-08
8.395505617977528289e-08,3.829213483146067606e-08
1.383965517241379470e-07,3.808620689655172472e-08
5.470156250000000487e-07,3.867187500000000032e-08
6.461571428571428340e-07,3.788571428571428558e-08
7.840188679245283835e-07,3.818867924528301897e-08
9.234177215189873945e-07,3.888607594936708952e-08
1.116869565217391302e-06,3.797101449275362916e-08
1.531379310344827725e-06,3.879310344827586716e-08
3.107738095238095382e-07,3.932142857142857233e-08
4.627260273972603076e-07,3.989041095890411588e-08
6.311973684210526356e-07,3.951315789473684189e-08
8.546052631578947462e-07,3.963157894736841859e-08
1.061323943661971746e-06,3.880281690140845331e-08
1.277959459459459350e-06,3.883783783783783989e-08
1.413530120481927751e-06,3.990361445783132735e-08
1.453029411764705966e-06,3.916176470588235892e-08
1.233947368421052762e-07,4.057894736842105865e-08
2.283333333333333530e-07,3.997101449275362722e-08
2.959195402298850507e-07,4.095402298850575103e-08
3.794155844155844474e-07,4.063636363636363809e-08
7.300476190476190751e-07,4.038095238095238047e-08
1.492561643835616634e-06,4.008219178082191621e-08
6.900000000000000905e-08,4.150000000000000103e-08
5.321333333333333602e-07,4.113333333333333770e-08
6.161594202898551975e-07,4.089855072463768227e-08
8.693472222222222373e-07,4.187500000000000274e-08
9.390666666666667375e-07,4.171111111111110962e-08
1.007014285714285833e-06,4.179999999999999710e-08
1.131102272727272911e-06,4.217045454545454813e-08
1.171549019607843092e-06,4.066666666666666686e-08
1.211539473684210665e-06,4.136842105263158542e-08
1.373000000000000026e-06,4.112307692307692633e-08
1.300000000000000060e-08,4.211940298507463187e-08
2.125156250000000114e-07,4.207812500000000476e-08
4.478285714285714720e-07,4.185714285714285570e-08
6.006428571428571338e-07,4.278571428571428975e-08
7.155238095238095593e-07,4.311904761904762607e-08
1.781428571428571555e-07,4.311111111111111554e-08
3.646625000000000534e-07,4.342500000000000007e-08
5.169397590361445846e-07,4.348192771084337529e-08
1.021821917808219244e-06,4.382191780821918141e-08
1.251166666666666786e-06,4.353846153846154502e-08
1.332797101449275317e-06,4.285507246376811990e-08
1.467459459459459399e-06,4.383783783783783834e-08
1.977343749999999994e-07,4.362500000000000186e-08
2.813818181818181892e-07,4.369090909090909291e-08
4.331267605633803149e-07,4.405633802816901648e-08
5.857538461538461070e-07,4.498461538461538224e-08
7.967941176470588267e-07,4.479411764705882954e-08
8.836486486486486929e-07,4.443243243243243755e-08
9.539583333333333407e-07,4.411111111111111788e-08
1.091148148148148159e-06,4.418518518518518306e-08
1.291093333333333375e-06,4.462666666666667055e-08
1.387397260273972657e-06,4.413698630136987134e-08
1.427824324324324520e-06,4.414864864864864675e-08
1.506679012345679021e-06,4.427160493827161118e-08
5.320270270270270301e-08,4.547297297297297954e-08
1.077714285714285798e-07,4.517142857142857509e-08
7.001694915254238104e-07,4.547457627118644466e-08
1.185213483146067435e-06,4.592134831460674063e-08
1.634400000000000130e-07,4.597333333333334001e-08
2.671451612903225835e-07,4.648387096774193781e-08
3.497466666666666989e-07,4.646666666666667247e-08
5.020579710144927690e-07,4.610144927536232252e-08
9.684166666666666132e-07,4.700000000000000396e-08
1.145423076923076955e-06,4.634615384615384884e-08
1.225312500000000180e-06,4.663750000000000320e-08
5.710238095238095028e-07,4.736904761904762111e-08
6.859857142857143053e-07,4.717142857142857314e-08
8.114520547945206266e-07,4.743835616438356364e-08
8.985641025641026327e-07,4.729487179487180096e-08
1.036043956043956254e-06,4.759340659340659163e-08
1.106000000000000083e-06,4.813580246913580680e-08
1.347178947368420966e-06,4.779999999999999789e-08
3.830526315789473574e-08,4.935789473684211049e-08
9.393333333333334066e-08,4.840000000000000326e-08
1.487162162162162332e-07,4.820270270270270456e-08
2.526111111111111254e-07,4.868055555555556078e-08
3.354418604651162886e-07,4.850000000000000416e-08
1.265727272727272914e-06,4.868831168831168719e-08
1.401934210526315866e-06,4.893421052631578759e-08
1.441607142857142879e-06,4.905952380952381444e-08
1.521447058823529454e-06,4.891764705882353147e-08
4.037272727272727919e-07,4.884848484848485155e-08
4.873114754098361415e-07,4.844262295081968022e-08
5.560853658536585647e-07,4.973170731707317914e-08
6.712500000000000318e-07,4.963750000000000359e-08
7.442222222222222071e-07,4.973611111111111696e-08
7.604216867469879310e-07,5.007228915662650616e-08
8.261617647058823453e-07,4.897058823529411590e-08
9.136049382716049733e-07,5.034567901234567715e-08
9.834567901234569006e-07,4.988888888888889004e-08
2.378750000000000042e-07,5.097727272727272684e-08
3.203414634146341503e-07,5.086585365853658747e-08
4.727532467532467764e-07,5.038961038961039127e-08
7.752631578947368756e-07,5.027631578947368773e-08
1.051166666666666795e-06,5.092307692307692144e-08
1.199678571428571365e-06,5.080952380952381356e-08
1.305200000000000226e-06,4.932727272727272861e-08
1.481700000000000145e-06,4.991428571428571315e-08
6.413750000000000638e-07,5.185000000000000438e-08
6.565263157894737132e-07,5.092105263157894674e-08
8.453965517241379648e-07,5.093103448275862517e-08
2.376315789473684313e-08,5.280263157894737471e-08
7.855844155844156216e-08,5.261038961038961122e-08
1.330374999999999894e-07,5.207500000000000805e-08
3.890000000000000025e-07,5.200000000000000241e-08
5.410987654320987849e-07,5.255555555555556074e-08
9.283924050632912078e-07,5.273417721518987939e-08
1.120164705882353017e-06,5.256470588235294047e-08
1.239468750000000092e-06,5.229687500000000486e-08
1.319522727272727237e-06,5.304545454545455121e-08
2.215189873417721486e-07,5.318987341772152192e-08
3.050677966101694648e-07,5.252542372881355937e-08
1.066164556962025315e-06,5.332911392405063583e-08
1.279590909090909029e-06,5.375000000000000154e-08
1.360930555555555727e-06,5.301388888888888659e-08
2.908139534883720800e-07,5.515116279069767996e-08
6.096184210526316280e-07,5.451315789473684386e-08
6.263066666666666818e-07,5.406666666666667435e-08
8.603090909090909088e-07,5.360000000000000350e-08
1.415462962962963112e-06,5.390740740740741072e-08
1.495552941176470628e-06,5.463529411764705992e-08
1.183333333333333342e-07,5.555555555555556113e-08
2.063676470588235550e-07,5.519117647058823611e-08
3.741090909090909623e-07,5.454545454545455141e-08
5.264025974025974591e-07,5.503896103896104547e-08
9.428400000000000438e-07,5.543999999999999880e-08
1.011549295774648012e-06,5.576056338028169034e-08
1.173644736842105274e-06,5.581578947368421402e-08
1.213800000000000135e-06,5.610000000000000604e-08
6.428813559322033164e-08,5.581355932203390066e-08
1.730609756097561015e-07,5.723170731707317351e-08
1.900172413793103543e-07,5.620689655172413648e-08
4.421911764705882604e-07,5.583823529411765134e-08
5.946499999999999944e-07,5.678750000000000475e-08
7.095185185185185118e-07,5.666666666666666454e-08
8.740985915492957803e-07,5.577464788732394688e-08
1.080970588235294251e-06,5.605882352941177076e-08
1.134321428571428650e-06,5.669047619047619613e-08
7.791044776119402723e-09,5.688059701492537451e-08
3.596000000000000701e-07,5.784705882352941126e-08
4.272380952380952748e-07,5.757142857142857363e-08
5.117571428571429010e-07,5.762857142857143223e-08
9.580963855421687418e-07,5.826506024096385860e-08
1.253780487804878037e-06,5.765853658536585299e-08
1.375238095238095240e-06,5.719047619047619399e-08
5.798904109589041801e-07,5.879452054794520718e-08
7.870000000000000459e-07,5.867692307692308058e-08
8.887777777777778704e-07,5.823611111111112028e-08
1.095289473684210719e-06,5.873684210526316107e-08
1.294408450704225307e-06,5.835211267605633720e-08
1.334962962962963205e-06,5.822222222222222521e-08
1.390512195121951301e-06,5.834146341463415340e-08
1.430351648351648523e-06,5.898901098901099147e-08
1.510011904761905003e-06,5.898809523809524305e-08
1.033888888888888860e-07,5.918055555555556216e-08
3.445822784810126837e-07,6.027848101265823570e-08
8.019883720930233493e-07,5.955813953488372792e-08
1.470144578313253157e-06,5.944578313253011877e-08
4.892063492063492320e-08,5.960317460317460718e-08
1.583456790123456715e-07,6.001234567901235758e-08
2.748615384615384937e-07,5.975384615384616155e-08
4.134430379746835457e-07,6.010126582278481438e-08
4.970126582278480861e-07,6.013924050632911517e-08
6.948548387096774281e-07,5.985483870967741974e-08
8.174819277108433776e-07,6.106024096385542949e-08
1.026848484848484728e-06,6.006060606060606541e-08
1.148861111111111226e-06,6.066666666666666727e-08
1.187554216867469957e-06,6.084337349397590421e-08
1.227766233766233768e-06,6.123376623376623309e-08
6.804675324675324865e-07,6.123376623376623309e-08
7.518791208791210079e-07,6.236263736263736432e-08
9.027241379310346321e-07,6.084482758620690674e-08
9.727272727272727121e-07,6.138961038961039050e-08
1.041760000000000085e-06,6.190666666666667044e-08
8.935384615384614867e-08,6.212307692307692247e-08
1.431842105263157944e-07,6.268421052631579491e-08
3.295402298850575351e-07,6.295402298850574950e-08
4.819166666666666972e-07,6.259722222222222964e-08
5.652972972972972899e-07,6.186486486486487155e-08
8.321194029850746649e-07,6.199999999999999931e-08
1.308272727272727345e-06,6.327272727272727381e-08
1.349207317073170840e-06,6.276829268292683562e-08
3.338095238095238397e-08,6.306349206349206602e-08
2.458275862068965355e-07,6.298275862068966123e-08
3.986197183098591457e-07,6.308450704225352102e-08
4.672000000000000013e-07,6.404000000000000964e-08
6.652469135802469271e-07,6.366666666666666767e-08
7.370357142857143290e-07,6.285714285714285846e-08
7.674400000000001011e-07,6.302666666666666988e-08
1.109260273972602940e-06,6.356164383561643769e-08
1.267850574712643790e-06,6.343678160919540033e-08
1.404638554216867704e-06,6.373493975903614858e-08
1.524533333333333379e-06,6.362666666666667525e-08
3.139655172413793383e-07,6.505747126436782316e-08
5.504567901234568747e-07,6.439506172839506239e-08
6.497200000000000237e-07,6.473333333333334389e-08
8.492666666666666613e-07,6.478666666666666711e-08
9.185555555555555795e-07,6.428395061728395470e-08
9.874691358024692994e-07,6.420987654320988290e-08
1.484487804878048913e-06,6.434146341463414757e-08
2.312876712328767242e-07,6.472602739726027739e-08
6.355781250000000584e-07,6.535937500000000685e-08
1.055705128205128170e-06,6.532051282051281851e-08
1.162500000000000093e-06,6.600000000000000866e-08
1.202052083333333332e-06,6.602083333333333474e-08
1.860000000000000112e-08,6.700000000000000438e-08
7.398484848484848981e-08,6.615151515151515913e-08
1.283974358974358789e-07,6.642307692307692789e-08
2.154210526315789838e-07,6.672368421052632100e-08
5.358000000000000200e-07,6.636666666666665876e-08
8.639736842105263826e-07,6.702631578947369544e-08
1.241760000000000076e-06,6.676000000000001017e-08
4.520746268656716390e-07,6.759701492537313615e-08
6.188484848484848866e-07,6.674242424242424991e-08
9.333116883116882917e-07,6.725974025974026232e-08
1.002061728395061867e-06,6.759259259259260522e-08
1.070544117647058853e-06,6.727941176470588281e-08
1.123947368421052704e-06,6.738157894736842554e-08
1.363538461538461619e-06,6.767948717948718130e-08
2.988970588235294025e-07,6.797058823529411398e-08
7.193378378378378454e-07,6.790540540540541199e-08
9.480344827586207126e-07,6.933333333333333214e-08
1.282168674698795253e-06,6.845783132530120248e-08
1.418597402597402765e-06,6.870129870129870183e-08
1.498500000000000137e-06,6.920454545454545490e-08
1.134567901234567865e-07,6.960493827160494637e-08
1.820545454545454761e-07,6.905454545454545687e-08
3.689076923076923197e-07,6.946153846153846760e-08
5.209518072289156897e-07,6.904819277108433918e-08
6.043918918918919228e-07,6.882432432432432841e-08
8.785522388059702797e-07,6.947761194029850124e-08
1.458814814814814849e-06,6.951851851851852486e-08
2.843972602739726404e-07,7.063013698630137140e-08
5.890131578947369647e-07,7.047368421052632480e-08
7.043707865168539913e-07,7.082022471910112768e-08
1.016243902439024501e-06,7.069512195121950947e-08
1.176632911392405106e-06,7.111392405063291609e-08
4.060975609756097791e-09,7.142682926829267998e-08
4.222531645569620694e-07,7.151898734177215536e-08
5.060731707317073892e-07,7.163414634146343081e-08
1.137655737704918162e-06,7.086885245901639536e-08
1.216166666666666909e-06,7.104545454545454696e-08
3.540298507462686766e-07,7.191044776119403968e-08
7.933285714285714357e-07,7.222857142857143061e-08
9.625131578947368615e-07,7.243421052631579950e-08
1.088705882352941268e-06,7.241176470588234895e-08
1.255871794871794981e-06,7.241025641025641116e-08
1.296522727272727415e-06,7.276136363636364285e-08
1.337243902439024477e-06,7.250000000000000731e-08
1.377690140845070347e-06,7.238028169014084991e-08
4.440259740259740470e-08,7.366233766233767086e-08
9.907058823529413438e-08,7.337647058823529721e-08
2.693614457831325421e-07,7.348192771084338585e-08
5.746842105263158665e-07,7.334210526315789635e-08
6.892941176470587972e-07,7.334117647058823651e-08
8.078382352941177015e-07,7.291176470588234681e-08
1.030763157894737013e-06,7.417105263157894648e-08
1.392671052631578941e-06,7.357894736842106298e-08
1.433887323943662056e-06,7.377464788732393601e-08
1.512975308641975336e-06,7.344444444444444918e-08
1.527857142857142954e-07,7.350000000000000303e-08
3.391818181818181906e-07,7.424675324675325122e-08
4.909078947368420906e-07,7.444736842105262985e-08
7.769375000000000046e-07,7.425000000000000643e-08
8.237361111111110994e-07,7.427777777777777012e-08
9.081149425287356778e-07,7.516091954022988904e-08
1.473134146341463665e-06,7.419512195121950773e-08
8.425609756097560548e-08,7.634146341463414915e-08
4.080657894736842216e-07,7.477631578947369536e-08
5.597831325301205791e-07,7.583132530120482365e-08
6.744366197183098933e-07,7.580281690140845375e-08
7.588513513513513571e-07,7.541891891891892840e-08
9.770588235294118519e-07,7.548235294117647074e-08
1.190463414634146387e-06,7.600000000000000556e-08
2.548309859154929947e-07,7.643661971830985893e-08
4.762077922077922018e-07,7.658441558441558593e-08
7.440895522388060144e-07,7.602985074626864891e-08
8.389600000000000956e-07,7.625333333333333057e-08
1.045599999999999992e-06,7.651250000000000436e-08
1.150714285714285829e-06,7.612500000000000172e-08
1.230520547945205557e-06,7.643835616438357185e-08
2.970149253731343143e-08,7.720895522388059740e-08
1.381639344262295113e-07,7.698360655737704402e-08
1.103024096385542314e-06,7.744578313253013436e-08
1.310728395061728571e-06,7.795061728395062463e-08
1.351678160919540331e-06,7.734482758620688905e-08
1.527853333333333332e-06,7.793333333333334297e-08
3.084634146341463504e-07,7.937804878048780211e-08
3.237462686567164350e-07,7.770149253731343111e-08
3.928196721311475614e-07,7.801639344262295426e-08
4.612705882352941219e-07,7.917647058823529620e-08
5.450000000000000759e-07,7.860975609756097904e-08
6.289531250000000371e-07,7.814062500000000095e-08
6.432647058823529756e-07,7.808823529411765536e-08
6.600000000000000337e-07,7.762068965517241515e-08
9.226956521739130966e-07,7.865217391304348283e-08
1.270970149253731276e-06,7.802985074626865359e-08
1.406674157303370753e-06,7.849438202247191377e-08
1.487188235294117707e-06,7.937647058823529799e-08
2.244062500000000114e-07,7.840625000000000105e-08
8.537222222222221752e-07,7.888888888888888502e-08
9.916000000000001707e-07,7.922352941176470605e-08
1.059953846153846264e-06,7.938461538461538587e-08
6.932894736842106132e-08,8.006578947368420948e-08
2.094210526315789830e-07,8.027631578947368505e-08
2.401034482758620608e-07,7.946551724137932298e-08
3.780434782608696100e-07,8.086956521739130287e-08
6.144756097560976478e-07,8.087804878048780893e-08
7.287272727272728036e-07,7.972727272727273613e-08
8.687848101265824096e-07,8.083544303797468516e-08
1.165137931034482845e-06,8.097701149425288125e-08
1.204730769230769255e-06,8.067948717948719183e-08
1.447044776119403144e-06,7.997014925373135832e-08
1.468292682926829343e-08,8.174390243902439866e-08
1.944210526315789678e-07,8.071929824561404320e-08
2.936125000000000095e-07,8.215000000000000438e-08
4.462698412698412886e-07,8.128571428571429701e-08
5.300641025641025821e-07,8.112820512820513285e-08
7.141124999999999963e-07,8.175000000000000080e-08
9.378674698795181402e-07,8.150602409638555637e-08
1.117606060606060612e-06,8.092424242424242878e-08
8.834415584415584494e-07,8.318181818181818792e-08
1.006379746835443016e-06,8.255696202531646201e-08
1.076816901408450945e-06,8.277464788732393719e-08
1.244168831168831452e-06,8.200000000000000635e-08
1.284629629629629620e-06,8.262962962962964309e-08
1.365632911392405117e-06,8.221518987341772845e-08
4.315384615384615849e-07,8.318461538461539343e-08
5.151250000000000020e-07,8.376388888888889394e-08
5.993918918918918648e-07,8.294594594594595361e-08
1.325725806451613066e-06,8.300000000000000207e-08
1.421771428571428540e-06,8.325714285714285584e-08
1.501285714285714360e-06,8.376623376623376829e-08
5.479452054794520445e-08,8.406849315068493498e-08
1.092318840579710253e-07,8.398550724637682421e-08
1.782459016393442587e-07,8.403278688524589907e-08
2.792394366197183382e-07,8.481690140845070485e-08
5.843866666666666876e-07,8.493333333333333948e-08
6.981298701298701323e-07,8.489610389610390621e-08
9.524794520547945485e-07,8.378082191780822787e-08
4.172830188679245161e-07,8.509433962264152476e-08
5.003488372093022848e-07,8.626744186046511544e-08
8.139125000000000826e-07,8.592499999999999683e-08
1.020394736842105301e-06,8.569736842105264126e-08
1.179556962025316385e-06,8.546835443037975174e-08
1.633571428571428783e-07,8.612857142857144258e-08
3.486718750000000366e-07,8.545312500000000770e-08
7.690714285714286317e-07,8.711904761904762302e-08
7.985512820512821859e-07,8.621794871794872083e-08
8.980795454545455631e-07,8.640909090909090739e-08
9.667941176470587873e-07,8.663235294117647462e-08
1.090898876404494397e-06,8.705617977528090172e-08
1.134015873015873130e-06,8.579365079365080813e-08
1.218882352941176664e-06,8.650000000000000032e-08
1.379746666666666790e-06,8.696000000000000576e-08
4.043750000000000062e-08,8.797500000000000526e-08
2.646805555555555825e-07,8.779166666666668021e-08
5.689428571428571874e-07,8.738571428571429208e-08
6.833750000000000428e-07,8.710000000000000569e-08
8.293918918918918862e-07,8.764864864864864584e-08
1.035692307692307592e-06,8.806410256410256825e-08
1.258802816901408618e-06,8.684507042253522260e-08
1.299405063291139251e-06,8.765822784810127358e-08
1.339611764705882274e-06,8.748235294117647231e-08
9.463636363636364517e-08,8.750000000000000928e-08
3.335797101449275558e-07,8.834782608695651703e-08
4.853902439024390817e-07,8.850000000000000499e-08
6.684352941176469975e-07,8.911764705882354733e-08
1.394880000000000272e-06,8.756000000000001114e-08
1.516180722891566485e-06,8.812048192771084569e-08
1.483108108108108102e-07,8.924324324324325400e-08
4.021896551724138172e-07,8.882758620689655897e-08
8.438999999999999797e-07,8.993333333333334455e-08
9.122941176470588220e-07,8.917647058823529310e-08
1.476028169014084614e-06,8.961971830985915811e-08
7.998734177215189259e-08,9.069620253164557476e-08
2.498720930232558410e-07,9.067441860465117664e-08
5.539411764705882916e-07,9.002941176470588469e-08
7.541857142857143469e-07,8.992857142857143690e-08
9.815000000000000472e-07,9.050000000000000967e-08
1.050307692307692426e-06,9.065384615384616693e-08
1.152984126984126954e-06,9.042857142857143476e-08
1.193384615384615501e-06,9.034615384615383917e-08
2.541333333333333656e-08,9.154666666666667644e-08
3.179041095890410952e-07,9.134246575342466704e-08
4.703164556962025285e-07,9.111392405063292312e-08
6.535942028985507757e-07,9.136231884057970423e-08
7.377123287671233103e-07,9.120547945205479265e-08
8.590543478260870390e-07,9.202173913043478346e-08
1.107152941176470671e-06,9.187058823529412285e-08
1.232573529411764813e-06,9.139705882352941720e-08
1.353717647058823701e-06,9.224705882352941489e-08
2.184477611940298686e-07,9.223880597014926919e-08
3.876376811594203366e-07,9.256521739130435498e-08
5.393076923076922573e-07,9.233333333333333957e-08
6.241076923076923814e-07,9.200000000000000325e-08
7.228666666666666942e-07,9.341111111111111597e-08
9.274929577464788953e-07,9.197183098591549018e-08
1.313200000000000192e-06,9.238461538461539640e-08
1.530208333333333329e-06,9.234722222222222803e-08
2.034459459459459540e-07,9.379729729729729643e-08
2.348450704225352111e-07,9.377464788732394304e-08
3.035000000000000376e-07,9.350000000000001006e-08
4.554852941176470924e-07,9.282352941176472195e-08
9.961392405063291056e-07,9.367088607594937022e-08
1.410310810810810967e-06,9.306756756756756947e-08
1.490297297297297327e-06,9.418918918918919737e-08
6.529333333333334361e-08,9.454666666666667684e-08
3.729545454545454451e-07,9.479545454545455779e-08
5.245180722891566485e-07,9.506024096385542954e-08
6.091884057971015217e-07,9.466666666666668056e-08
6.390298507462686478e-07,9.397014925373135133e-08
1.065126760563380310e-06,9.395774647887324493e-08
1.450011494252873499e-06,9.483908045977012445e-08
1.054054054054054103e-08,9.564864864864865130e-08
1.888125000000000239e-07,9.485937499999999969e-08
2.884459459459459343e-07,9.570270270270271299e-08
4.400000000000000224e-07,9.479166666666667671e-08
7.081052631578947513e-07,9.563157894736843035e-08
8.736315789473685280e-07,9.530263157894737808e-08
9.421585365853658323e-07,9.545121951219513141e-08
1.123136986301369885e-06,9.556164383561644630e-08
1.167279069767441938e-06,9.589534883720930183e-08
1.189661016949152569e-07,9.555932203389831710e-08
3.575238095238095564e-07,9.711904761904761992e-08
4.252173913043478358e-07,9.643478260869565658e-08
5.943333333333333746e-07,9.691025641025641217e-08
1.080048780487804959e-06,9.720731707317073268e-08
1.246963414634146396e-06,9.640243902439025704e-08
1.368197916666666751e-06,9.684375000000000981e-08
5.095063291139240640e-07,9.763291139240506555e-08
1.207207547169811277e-06,9.692452830188680184e-08
1.287423728813559523e-06,9.700000000000000832e-08
1.328140845070422612e-06,9.711267605633803414e-08
1.504233766233766502e-06,9.818181818181818989e-08
5.056410256410256333e-08,9.833333333333334035e-08
1.045072463768115961e-07,9.843478260869566125e-08
1.731772151898734220e-07,9.834177215189873759e-08
2.738461538461538875e-07,9.838461538461539719e-08
6.928607594936709439e-07,9.862025316455696542e-08
8.882794117647058891e-07,9.791176470588235891e-08
1.425029850746268830e-06,9.797014925373136068e-08
5.790740740740740551e-07,9.911111111111112068e-08
8.060958904109589111e-07,9.910958904109589133e-08
1.025150684931506892e-06,9.924657534246575249e-08
1.181717948717948876e-06,1.000512820512820655e-07
1.464657894736842085e-06,9.963157894736842646e-08
1.579726027397260423e-07,1.003013698630137138e-07
3.424507042253521217e-07,9.984507042253521989e-08
4.944531249999999908e-07,9.979687500000000007e-08
6.777142857142856570e-07,1.006753246753246820e-07
7.764861111111111495e-07,1.000138888888888972e-07
7.908157894736842311e-07,1.000921052631578943e-07
9.027682926829269061e-07,1.005609756097561074e-07
1.136966666666666677e-06,9.978333333333334341e-08
1.220614457831325400e-06,1.011204819277108430e-07
9.008333333333332935e-08,1.017083333333333292e-07
4.110526315789473699e-07,1.015789473684210622e-07
8.343623188405798326e-07,1.017391304347826111e-07
1.040066666666666596e-06,1.018133333333333424e-07
1.095708333333333296e-06,1.010972222222222369e-07
1.261352112676056422e-06,1.015633802816901468e-07
1.342293478260869526e-06,1.020869565217391342e-07
1.382888888888888928e-06,1.014814814814814843e-07
1.397999999999999998e-06,1.012857142857143040e-07
3.587142857142857784e-08,1.023285714285714288e-07
2.597681159420290099e-07,1.018985507246376925e-07
3.277733333333333488e-07,1.025066666666666634e-07
4.798717948717949143e-07,1.023461538461538407e-07
7.470526315789474669e-07,1.030394736842105258e-07
7.623750000000000487e-07,1.015714285714285772e-07
9.714655172413792900e-07,1.018620689655172503e-07
1.301791666666666831e-06,1.020000000000000001e-07
1.518711111111111378e-06,1.031111111111111168e-07
1.436753246753246832e-07,1.031428571428571457e-07
6.629868421052631819e-07,1.031184210526315858e-07
9.176901408450705164e-07,1.033239436619718367e-07
1.438522222222222277e-06,1.043555555555555547e-07
2.448780487804878349e-07,1.046097560975609869e-07
4.646279069767442637e-07,1.051279069767441879e-07
7.321058823529412649e-07,1.048117647058823611e-07
8.485272727272728044e-07,1.036181818181818304e-07
9.858414634146341736e-07,1.045975609756097561e-07
1.155021978021978021e-06,1.053186813186813225e-07
2.097590361445783107e-08,1.060361445783132571e-07
7.564197530864198306e-08,1.051604938271604938e-07
1.288028169014084519e-07,1.058873239436619704e-07
3.132222222222222256e-07,1.050694444444444429e-07
5.537653061224490226e-07,1.057448979591836781e-07
6.480487804878049022e-07,1.053414634146341574e-07
1.055937500000000002e-06,1.056250000000000078e-07
1.111749999999999986e-06,1.054473684210526427e-07
1.195658227848101295e-06,1.054050632911392531e-07
1.235125000000000096e-06,1.057500000000000039e-07
1.275787499999999896e-06,1.055375000000000012e-07
2.140769230769230891e-07,1.058461538461538522e-07
3.817250000000000383e-07,1.067875000000000025e-07
4.497068965517241594e-07,1.063620689655172443e-07
5.334722222222222556e-07,1.066944444444444458e-07
7.173023255813954352e-07,1.073604651162790774e-07
8.635662650602410893e-07,1.066265060240963938e-07
9.316265060240964094e-07,1.065180722891566245e-07
1.357052631578947344e-06,1.066973684210526308e-07
2.985875000000000127e-07,1.076124999999999983e-07
6.330857142857143544e-07,1.078142857142857221e-07
1.000044776119403019e-06,1.077611940298507482e-07
1.413156626506024338e-06,1.073855421686747124e-07
6.131944444444445145e-08,1.087361111111111159e-07
1.839480519480519761e-07,1.090519480519480535e-07
1.990895522388059650e-07,1.080298507462686575e-07
3.667051282051282335e-07,1.086153846153846167e-07
4.350000000000000174e-07,1.085000000000000120e-07
5.195180722891566964e-07,1.089518072289156798e-07
6.031232876712329290e-07,1.086575342465753504e-07
8.785783132530121738e-07,1.091445783132530135e-07
1.069820000000000033e-06,1.076400000000000030e-07
1.453122222222222315e-06,1.092888888888888925e-07
2.299062500000000275e-07,1.091718750000000030e-07
2.832499999999999986e-07,1.098875000000000104e-07
6.181363636363636146e-07,1.087272727272727443e-07
7.023037974683545249e-07,1.099493670886076090e-07
9.466117647058823948e-07,1.094117647058823494e-07
1.126197916666666781e-06,1.099583333333333402e-07
1.139508196721311564e-07,1.094426229508196706e-07
3.517682926829268559e-07,1.112804878048780573e-07
5.882428571428571551e-07,1.106285714285714436e-07
1.169099999999999954e-06,1.107500000000000090e-07
1.209202247191011435e-06,1.110337078651685408e-07
1.249481927710843434e-06,1.109397590361445887e-07
1.289975000000000088e-06,1.107125000000000062e-07
1.371244680851063949e-06,1.113191489361702212e-07
1.492784615384615337e-06,1.099538461538461611e-07
6.725806451612903415e-09,1.108709677419354947e-07
5.045866666666667275e-07,1.114533333333333414e-07
1.084151898734177169e-06,1.112784810126582424e-07
1.330034090909090994e-06,1.120454545454545567e-07
4.672727272727273180e-08,1.127272727272727405e-07
9.938571428571429365e-08,1.125571428571428734e-07
1.681562500000000205e-07,1.123593750000000042e-07
8.930270270270269804e-07,1.126891891891891976e-07
9.612857142857144478e-07,1.121038961038961108e-07
1.507080459770115040e-06,1.130804597701149456e-07
2.686144578313252928e-07,1.137349397590361463e-07
5.737536231884057760e-07,1.136956521739130523e-07
6.874366197183099170e-07,1.127323943661971914e-07
8.016708860759494631e-07,1.134303797468354502e-07
1.030000000000000091e-06,1.133764705882352980e-07
1.426671641791044890e-06,1.131492537313432889e-07
1.467392857142857136e-06,1.143333333333333380e-07
1.536973684210526281e-07,1.141447368421052695e-07
3.370307692307692342e-07,1.140307692307692491e-07
4.896571428571428289e-07,1.146571428571428591e-07
7.562278481012659304e-07,1.150126582278481198e-07
7.712352941176470975e-07,1.137647058823529525e-07
7.866538461538462715e-07,1.143076923076923162e-07
8.166811594202899136e-07,1.139130434782608809e-07
9.080227272727273438e-07,1.148181818181818248e-07
1.140303571428571404e-06,1.138750000000000056e-07
1.183581395348837330e-06,1.145813953488372073e-07
4.070519480519480618e-07,1.154675324675324697e-07
6.728028169014085321e-07,1.151690140845070494e-07
9.755185185185184849e-07,1.156666666666666833e-07
1.100323943661971712e-06,1.152535211267605622e-07
1.224012820512820612e-06,1.156538461538461658e-07
1.263819444444444426e-06,1.160277777777777833e-07
8.495081967213114820e-08,1.163278688524590325e-07
1.386976744186046595e-07,1.169883720930232638e-07
3.223235294117647190e-07,1.166176470588235487e-07
5.438554216867470634e-07,1.167349397590361467e-07
6.576829268292683072e-07,1.167439024390244077e-07
7.411011235955057024e-07,1.169438202247191118e-07
1.304478873239436607e-06,1.159859154929577565e-07
1.385125000000000143e-06,1.172159090909091044e-07
1.400439393939394089e-06,1.159393939393939489e-07
3.922500000000000349e-07,1.176052631578947510e-07
8.357833333333333032e-07,1.167333333333333463e-07
1.044067567567567628e-06,1.170135135135135242e-07
1.345230769230769434e-06,1.171794871794871944e-07
1.521686046511627984e-06,1.176046511627907107e-07
3.061111111111110949e-08,1.173888888888888923e-07
4.749666666666666515e-07,1.176333333333333477e-07
7.262068965517241803e-07,1.190344827586206876e-07
8.536935483870968851e-07,1.180645161290322578e-07
9.219531250000000270e-07,1.178281250000000048e-07
1.237916666666666849e-07,1.197222222222222465e-07
3.074078947368421216e-07,1.194473684210526490e-07
6.425952380952381423e-07,1.193214285714285740e-07
8.687045454545455267e-07,1.203068181818181845e-07
9.899876543209877405e-07,1.188024691358024776e-07
1.114643678160919672e-06,1.200689655172413774e-07
1.197543209876543266e-06,1.202345679012345676e-07
1.441630136986301406e-06,1.190273972602739764e-07
1.481584415584415713e-06,1.196363636363636440e-07
2.112833333333333426e-07,1.200666666666666698e-07
2.404383561643835448e-07,1.201780821917808180e-07
3.761219512195122334e-07,1.203902439024390294e-07
4.603606557377049436e-07,1.201475409836065781e-07
5.290909090909091844e-07,1.203522727272727310e-07
9.364468085106383777e-07,1.207446808510638356e-07
1.058535211267605706e-06,1.200563380281690154e-07
1.157200000000000118e-06,1.199571428571428735e-07
1.237554216867469901e-06,1.203373493975903531e-07
1.277988095238095240e-06,1.203333333333333388e-07
2.927377049180327797e-07,1.210491803278688568e-07
6.281304347826088254e-07,1.214637681159420423e-07
7.111000000000000611e-07,1.214857142857142996e-07
1.004630136986301397e-06,1.216301369863013649e-07
1.318250000000000042e-06,1.213875000000000141e-07
1.359543209876543367e-06,1.220987654320987784e-07
1.414597560975609813e-06,1.217926829268292696e-07
1.782727272727272845e-07,1.226753246753246937e-07
4.454848484848485408e-07,1.220303030303030293e-07
5.986285714285714194e-07,1.227857142857142914e-07
1.072763157894736992e-06,1.224736842105263140e-07
1.090138888888888984e-07,1.240694444444444542e-07
2.252077922077922173e-07,1.235714285714285757e-07
3.613461538461538968e-07,1.230256410256410379e-07
5.142048192771084131e-07,1.233614457831325318e-07
5.833837209302326738e-07,1.244069767441860505e-07
6.134545454545455142e-07,1.230909090909090958e-07
8.831636363636364152e-07,1.231272727272727277e-07
9.517176470588235688e-07,1.235058823529411753e-07
5.627868852459016604e-08,1.239999999999999986e-07
4.308730158730158660e-07,1.245873015873015792e-07
6.967500000000000418e-07,1.233846153846153961e-07
1.128705882352941309e-06,1.245882352941176681e-07
1.292083333333333386e-06,1.253214285714285748e-07
1.455828571428571445e-06,1.240428571428571409e-07
3.461571428571428475e-07,1.252714285714285710e-07
4.993882352941177155e-07,1.261411764705882328e-07
1.018895522388059840e-06,1.252238805970149452e-07
1.087538461538461424e-06,1.255384615384615448e-07
1.171180722891566400e-06,1.255662650602409660e-07
1.251076923076923097e-06,1.251730769230769345e-07
1.496112903225806348e-06,1.245161290322580780e-07
4.120547945205480153e-08,1.269315068493150883e-07
1.632916666666666614e-07,1.260972222222222490e-07
2.781060606060606449e-07,1.264090909090909082e-07
5.684756097560975800e-07,1.271219512195122140e-07
7.942702702702703244e-07,1.267432432432432391e-07
8.095569620253165398e-07,1.268481012658228091e-07
8.244788732394367554e-07,1.265633802816901456e-07
8.978289473684210884e-07,1.261184210526315932e-07
9.655492957746479441e-07,1.266478873239436716e-07
1.211464788732394371e-06,1.259718309859154902e-07
1.331960526315789420e-06,1.270263157894736901e-07
1.373493975903614449e-06,1.273734939759036104e-07
4.160000000000000193e-07,1.270000000000000123e-07
6.813717948717949120e-07,1.277435897435897370e-07
7.650416666666666334e-07,1.274722222222222464e-07
1.033229885057471187e-06,1.277356321839080730e-07
1.429024096385542242e-06,1.275903614457831490e-07
1.510150000000000271e-06,1.270666666666666663e-07
9.417187500000000098e-08,1.277812500000000048e-07
1.485250000000000147e-07,1.283125000000000050e-07
2.627499999999999937e-07,1.282368421052631614e-07
4.843000000000000684e-07,1.286625000000000048e-07
7.499647058823530509e-07,1.285882352941176510e-07
9.124237288135594071e-07,1.280000000000000080e-07
1.143448717948718131e-06,1.282948717948717917e-07
1.469394736842105365e-06,1.284342105263157980e-07
4.013333333333333272e-07,1.294102564102564054e-07
6.662972972972973605e-07,1.295945945945946029e-07
7.792321428571429321e-07,1.286071428571428616e-07
9.797303370786518304e-07,1.300112359550561881e-07
1.103205128205128350e-06,1.297692307692307900e-07
1.184844155844156051e-06,1.297662337662337831e-07
3.165915492957746528e-07,1.308450704225352063e-07
5.538611111111110998e-07,1.300833333333333567e-07
7.351604938271605103e-07,1.308641975308642145e-07
1.266133333333333448e-06,1.305466666666666683e-07
1.306445783132530221e-06,1.310240963855421867e-07
2.450000000000000101e-08,1.309117647058823632e-07
7.963380281690141113e-08,1.315352112676056509e-07
1.334999999999999977e-07,1.311282051282051438e-07
3.858266666666666884e-07,1.316000000000000137e-07
4.695432098765432062e-07,1.311975308641975376e-07
6.512878787878787959e-07,1.307878787878787871e-07
8.588024691358024600e-07,1.319629629629629814e-07
9.264415584415585035e-07,1.316623376623376608e-07
1.047999999999999961e-06,1.314634146341463669e-07
1.347533333333333422e-06,1.316666666666666678e-07
1.401914285714285855e-06,1.308857142857142912e-07
1.525291139240506294e-06,1.316708860759493664e-07
7.200487804878049116e-07,1.325853658536585643e-07
9.944756097560977153e-07,1.330000000000000130e-07
1.387649350649350849e-06,1.324805194805194972e-07
1.875185185185185227e-07,1.340740740740740806e-07
2.471379310344827513e-07,1.328448275862068897e-07
3.704444444444444881e-07,1.347333333333333354e-07
4.551973684210527008e-07,1.341315789473684244e-07
6.370985915492957624e-07,1.334366197183098532e-07
1.192857142857142932e-07,1.346753246753246953e-07
6.218624999999999478e-07,1.352249999999999949e-07
8.737948717948718432e-07,1.345000000000000199e-07
9.410795454545455114e-07,1.347613636363636422e-07
1.062363636363636326e-06,1.342467532467532723e-07
1.158952380952381071e-06,1.349285714285714163e-07
1.199691489361702199e-06,1.351489361702127737e-07
1.240162790697674481e-06,1.350232558139534811e-07
1.280412500000000084e-06,1.346750000000000065e-07
1.442134328358208897e-06,1.341791044776119483e-07
6.516949152542372263e-08,1.354745762711864499e-07
2.152950819672131309e-07,1.350163934426229617e-07
4.403953488372093360e-07,1.359534883720930470e-07
5.238939393939393633e-07,1.344090909090909269e-07
7.053478260869565098e-07,1.349130434782608836e-07
1.008700000000000185e-06,1.358142857142857346e-07
1.117561643835616625e-06,1.350136986301369893e-07
1.320409638554216953e-06,1.361084337349397562e-07
2.325400000000000163e-07,1.356399999999999890e-07
5.089571428571429024e-07,1.368000000000000074e-07
6.067910447761194262e-07,1.363283582089552227e-07
1.076795180722891474e-06,1.366506024096385628e-07
1.361731707317073181e-06,1.368658536585365899e-07
1.416605263157894829e-06,1.365263157894736891e-07
1.041411764705882476e-07,1.384470588235294183e-07
1.729047619047619008e-07,1.370317460317460380e-07
3.552571428571428959e-07,1.373000000000000185e-07
9.557012987012986638e-07,1.378181818181818323e-07
5.057333333333333488e-08,1.382400000000000256e-07
2.870634920634920469e-07,1.376984126984127107e-07
4.250851063829787325e-07,1.387765957446808599e-07
5.779850746268656593e-07,1.381492537313433011e-07
8.876623376623376806e-07,1.386623376623376573e-07
1.022855263157894787e-06,1.390131578947368527e-07
1.131816091954023096e-06,1.386321839080459967e-07
2.723571428571428617e-07,1.399166666666666788e-07
3.407466666666667109e-07,1.398133333333333518e-07
6.900877192982455862e-07,1.387368421052631561e-07
1.091450000000000155e-06,1.399125000000000030e-07
1.254243243243243350e-06,1.396351351351351394e-07
1.482354838709677512e-06,1.389838709677419191e-07
3.600000000000000472e-08,1.406567164179104545e-07
1.579459459459459502e-07,1.400405405405405624e-07
4.941428571428571793e-07,1.398571428571428597e-07
6.755517241379311011e-07,1.412413793103448373e-07
8.145375000000000766e-07,1.408375000000000195e-07
8.296153846153846540e-07,1.403076923076923241e-07
1.173459459459459546e-06,1.404189189189189149e-07
1.213071428571428743e-06,1.404285714285714325e-07
1.294358024691358069e-06,1.403580246913580321e-07
4.102592592592592433e-07,1.403518518518518506e-07
4.794500000000000217e-07,1.424000000000000046e-07
5.635263157894737143e-07,1.409298245614035134e-07
8.477500000000000572e-07,1.421973684210526376e-07
9.697066666666668584e-07,1.417599999999999935e-07
1.037470588235294160e-06,1.422235294117647143e-07
1.334015384615384644e-06,1.411999999999999938e-07
1.375776315789473857e-06,1.419605263157894842e-07
8.956756756756757121e-08,1.423378378378378535e-07
3.256753246753247248e-07,1.423636363636363727e-07
7.439750000000000428e-07,1.424375000000000074e-07
7.995000000000000321e-07,1.424583333333333599e-07
9.021643835616439270e-07,1.418356164383561835e-07
1.430069767441860450e-06,1.431395348837209356e-07
1.436666666666666693e-07,1.421960784313725486e-07
2.566363636363636664e-07,1.433181818181818219e-07
3.957575757575757689e-07,1.428333333333333616e-07
6.603333333333334626e-07,1.435866666666666845e-07
1.146418918918919109e-06,1.428513513513513734e-07
1.227648648648648915e-06,1.436081081081081047e-07
3.292307692307692487e-09,1.450461538461538724e-07
1.767692307692308072e-08,1.444923076923077115e-07
5.490579710144928060e-07,1.442608695652174079e-07
9.164109589041096993e-07,1.445890410958904444e-07
9.847325581395349324e-07,1.448720930232558140e-07
1.052378048780487992e-06,1.451951219512195215e-07
1.105087719298245848e-06,1.435614035087719316e-07
1.187376623376623526e-06,1.444805194805194987e-07
1.404064516129032193e-06,1.445967741935483868e-07
1.295466666666666726e-07,1.453333333333333642e-07
7.292500000000000483e-07,1.450000000000000146e-07
1.268234375000000063e-06,1.450468750000000115e-07
1.308600000000000058e-06,1.453000000000000107e-07
7.514864864864864641e-08,1.462297297297297394e-07
2.421411764705882657e-07,1.466588235294117747e-07
3.110000000000000187e-07,1.460000000000000103e-07
3.804252873563219081e-07,1.468620689655172562e-07
4.648064516129032812e-07,1.455645161290322724e-07
5.343728813559322526e-07,1.462711864406779829e-07
7.829642857142857293e-07,1.455892857142857278e-07
8.621232876712329057e-07,1.463561643835616414e-07
1.496462962962963057e-06,1.462222222222222257e-07
1.525930232558139709e-06,1.471860465116278981e-07
6.305686274509805212e-07,1.465294117647058811e-07
6.459272727272727240e-07,1.466545454545454635e-07
7.145432098765431898e-07,1.475185185185185086e-07
9.312405063291139654e-07,1.476202531645569674e-07
9.991428571428572147e-07,1.477738095238095212e-07
1.469565789473684297e-06,1.471842105263157773e-07
1.145750000000000052e-07,1.491999999999999860e-07
1.845000000000000176e-07,1.486923076923076830e-07
2.962794117647058820e-07,1.485882352941176712e-07
4.497361111111111121e-07,1.479444444444444744e-07
6.156941176470588793e-07,1.491764705882353142e-07
1.066605263157894792e-06,1.484736842105263350e-07
1.390067796610169612e-06,1.474745762711864514e-07
6.034117647058823922e-08,1.493058823529411814e-07
3.651754385964912555e-07,1.485614035087719366e-07
6.994794520547944933e-07,1.499041095890410997e-07
7.680294117647058545e-07,1.490588235294117697e-07
8.761384615384616353e-07,1.491076923076923235e-07
1.120940000000000189e-06,1.481800000000000206e-07
1.159621951219512175e-06,1.497926829268292556e-07
1.201310344827586426e-06,1.496781609195402348e-07
1.242310810810810839e-06,1.494864864864864998e-07
1.282407894736842263e-06,1.494473684210526265e-07
1.322223529411764878e-06,1.504117647058823459e-07
1.443250000000000115e-06,1.484807692307692300e-07
2.262537313432835930e-07,1.502985074626865591e-07
2.815365853658537182e-07,1.510365853658536547e-07
4.348356164383561999e-07,1.503561643835616508e-07
5.197083333333334326e-07,1.499861111111111180e-07
1.081075949367088845e-06,1.507468354430379925e-07
1.417260416666666757e-06,1.512395833333333447e-07
1.696027397260274280e-07,1.514794520547945096e-07
3.510000000000000064e-07,1.515000000000000000e-07
5.905245901639344891e-07,1.507540983606557624e-07
9.458356164383562096e-07,1.513972602739726008e-07
1.013423728813559478e-06,1.508813559322033842e-07
4.478378378378378561e-08,1.522702702702702666e-07
9.989189189189189856e-08,1.527972972972972953e-07
5.047031250000000197e-07,1.522343750000000221e-07
6.849036144578313458e-07,1.526265060240964087e-07
7.541123595505618354e-07,1.534269662921348579e-07
8.370597014925374098e-07,1.527761194029850824e-07
1.363675000000000119e-06,1.527750000000000164e-07
4.195844155844156001e-07,1.531428571428571566e-07
5.749393939393940091e-07,1.529696969696969847e-07
8.227808219178082410e-07,1.536575342465753563e-07
8.909411764705883050e-07,1.530735294117647089e-07
9.607391304347826797e-07,1.534347826086956641e-07
1.027560975609756057e-06,1.537682926829268564e-07
1.483348314606741535e-06,1.534494382022472087e-07
1.512117647058823531e-06,1.539264705882353270e-07
2.802941176470588538e-08,1.547647058823529358e-07
2.118064516129032525e-07,1.543709677419354938e-07
3.358250000000000309e-07,1.543500000000000024e-07
4.896825396825397049e-07,1.540476190476190525e-07
8.080111111111111356e-07,1.544333333333333596e-07
1.095259259259259461e-06,1.544074074074074239e-07
1.215630952380952326e-06,1.550714285714285864e-07
1.256459459459459429e-06,1.544594594594594608e-07
1.296506666666666847e-06,1.547733333333333481e-07
1.551129032258064763e-07,1.544032258064516304e-07
2.665138888888889124e-07,1.547777777777777829e-07
5.600422535211268541e-07,1.556197183098591800e-07
6.699523809523809674e-07,1.555952380952381092e-07
7.926551724137932383e-07,1.565172413793103521e-07
9.056666666666666634e-07,1.559666666666666670e-07
9.748550724637681672e-07,1.557101449275362313e-07
1.173449275362318746e-06,1.550434782608695852e-07
1.457078947368421176e-06,1.557500000000000017e-07
8.515189873417720989e-08,1.566075949367088860e-07
3.210500000000000326e-07,1.565750000000000107e-07
4.050166666666666902e-07,1.556500000000000206e-07
4.742763157894737323e-07,1.569736842105263384e-07
8.510579710144928368e-07,1.568985507246377085e-07
1.042440000000000221e-06,1.564666666666666781e-07
1.054054054054054103e-08,1.575405405405405537e-07
1.407343750000000052e-07,1.571562500000000147e-07
2.517954545454545343e-07,1.575000000000000008e-07
7.390142857142858155e-07,1.567428571428571359e-07
1.109857142857143049e-06,1.576753246753246762e-07
1.229987500000000055e-06,1.582625000000000052e-07
3.904146341463414999e-07,1.584756097560975615e-07
5.449868421052631047e-07,1.584210526315789630e-07
6.548571428571429582e-07,1.582023809523809808e-07
7.236493506493506206e-07,1.588181818181818218e-07
9.203333333333334085e-07,1.587857142857142962e-07
9.889325842696628964e-07,1.590224719101123585e-07
1.189118421052631649e-06,1.586578947368421164e-07
1.431025641025641263e-06,1.576923076923076974e-07
1.249368421052631517e-07,1.601684210526315838e-07
3.059259259259259419e-07,1.598024691358024874e-07
4.594342105263157841e-07,1.592894736842105432e-07
1.056605633802817163e-06,1.595633802816901632e-07
1.147658227848101289e-06,1.596835443037974747e-07
1.270035714285714245e-06,1.593571428571428689e-07
1.310445783132530098e-06,1.595783132530120750e-07
1.377361111111111241e-06,1.589027777777777752e-07
1.404000000000000025e-06,1.599277108433735082e-07
7.000000000000000477e-08,1.602027027027027148e-07
1.945800000000000126e-07,1.596200000000000224e-07
2.366582278481012711e-07,1.606708860759493746e-07
5.304125000000000652e-07,1.605375000000000173e-07
6.015238095238095708e-07,1.599047619047619035e-07
6.399397590361446140e-07,1.604819277108433840e-07
7.777625000000001195e-07,1.606750000000000276e-07
8.660879120879121115e-07,1.613626373626373773e-07
1.497266666666666640e-06,1.604399999999999993e-07
3.750246913580247354e-07,1.613703703703703845e-07
4.445802469135802697e-07,1.621234567901234919e-07
6.251034482758620804e-07,1.604137931034483057e-07
7.091807228915663134e-07,1.615060240963855448e-07
9.350714285714286094e-07,1.617619047619047716e-07
1.003430769230769378e-06,1.611692307692307932e-07
1.124569620253164717e-06,1.615822784810126729e-07
1.351072463768115975e-06,1.613478260869565354e-07
1.470500000000000151e-06,1.618809523809523832e-07
1.525272727272727342e-06,1.621477272727272906e-07
1.802125000000000131e-07,1.630999999999999980e-07
2.909295774647887621e-07,1.629295774647887541e-07
1.071095238095238148e-06,1.628571428571428672e-07
5.473684210526315834e-08,1.638000000000000241e-07
3.604507042253521505e-07,1.629577464788732540e-07
5.142692307692307191e-07,1.639615384615384734e-07
5.844428571428571872e-07,1.637571428571428818e-07
1.284322222222222338e-06,1.640444444444444664e-07
1.102000000000000074e-07,1.642615384615384694e-07
2.220365853658536685e-07,1.645731707317073289e-07
6.940357142857143807e-07,1.644285714285714357e-07
7.633506493506494995e-07,1.644805194805194925e-07
1.162277108433734914e-06,1.648433734939759223e-07
1.203320987654321078e-06,1.646296296296296230e-07
1.243925373134328301e-06,1.641194029850746391e-07
1.651558441558441791e-07,1.652987012987013024e-07
4.296081081081081511e-07,1.646621621621621824e-07
9.496567164179105915e-07,1.650000000000000084e-07
1.017430379746835485e-06,1.650000000000000084e-07
1.085666666666666846e-06,1.660512820512820477e-07
1.324273809523809766e-06,1.654285714285714314e-07
1.443942028985507425e-06,1.652753623188406107e-07
2.761891891891891595e-07,1.657702702702702750e-07
3.454411764705882444e-07,1.657058823529411959e-07
4.997183098591549261e-07,1.666901408450704487e-07
5.691518987341772293e-07,1.670379746835443139e-07
6.792674418604652506e-07,1.669883720930232616e-07
8.316714285714286761e-07,1.668571428571428765e-07
8.954470588235295397e-07,1.670235294117647246e-07
1.364897727272727416e-06,1.675227272727272974e-07
1.390378378378378491e-06,1.659729729729729865e-07
1.417500000000000193e-06,1.665000000000000152e-07
3.947457627118644388e-08,1.670677966101694996e-07
9.550632911392406266e-08,1.672151898734177352e-07
4.148356164383561796e-07,1.672465753424657526e-07
7.487590361445783462e-07,1.675662650602409715e-07
8.022317073170732867e-07,1.684390243902439058e-07
8.170161290322581181e-07,1.669516129032257950e-07
9.638481012658229586e-07,1.675316455696202638e-07
1.032480000000000150e-06,1.680000000000000220e-07
1.502530120481927926e-07,1.685301204819277329e-07
2.070000000000000139e-07,1.678153846153846175e-07
3.303921568627451122e-07,1.678235294117647053e-07
4.852328767123288360e-07,1.687397260273972802e-07
6.643953488372093830e-07,1.692325581395348894e-07
1.484083333333333411e-06,1.685357142857142875e-07
2.215789473684210846e-08,1.684210526315789732e-07
2.613787878787879170e-07,1.690303030303030399e-07
4.000975609756098280e-07,1.697195121951219707e-07
5.540987654320988086e-07,1.699259259259259417e-07
9.097432432432433021e-07,1.699729729729729694e-07
1.100095238095238209e-06,1.699523809523809635e-07
1.175833333333333228e-06,1.695416666666666545e-07
1.217112676056338058e-06,1.698169014084507248e-07
1.258067567567567612e-06,1.695270270270270465e-07
1.298452380952380964e-06,1.699404761904762209e-07
1.338231884057971138e-06,1.697971014492753717e-07
1.511430379746835541e-06,1.690000000000000178e-07
8.016666666666667645e-08,1.709642857142857284e-07
3.157534246575342976e-07,1.708082191780821956e-07
7.336329113924050696e-07,1.702278481012658447e-07
9.790000000000000711e-07,1.704204545454545352e-07
1.457637931034482798e-06,1.701724137931034574e-07
1.351772151898734258e-07,1.713164556962025378e-07
4.699733333333333912e-07,1.714400000000000052e-07
7.874698795180723308e-07,1.718313253012048495e-07
1.047112676056337991e-06,1.716338028169014276e-07
7.500000000000000984e-09,1.720000000000000049e-07
2.467115384615384434e-07,1.712884615384615673e-07
3.850759493670885947e-07,1.730379746835443147e-07
5.395068493150685654e-07,1.724931506849315104e-07
6.108906250000000300e-07,1.720468750000000018e-07
6.485652173913043971e-07,1.722173913043478335e-07
1.134384615384615515e-06,1.721999999999999935e-07
1.231473684210526252e-06,1.724210526315789825e-07
1.430253164556962096e-06,1.725316455696202689e-07
1.904189189189189126e-07,1.735405405405405646e-07
4.552799999999999846e-07,1.738133333333333386e-07
5.947402597402597098e-07,1.736363636363636247e-07
7.192580645161291120e-07,1.731129032258064787e-07
9.241250000000000248e-07,1.733750000000000023e-07
9.934029850746267957e-07,1.733731343283582345e-07
1.114298507462686509e-06,1.734776119402985325e-07
1.190602409638554247e-06,1.736024096385542066e-07
1.272000000000000061e-06,1.739285714285714347e-07
6.501351351351352175e-08,1.745405405405405603e-07
1.201445783132530061e-07,1.744216867469879511e-07
3.011071428571428511e-07,1.742857142857142960e-07
5.245200000000000408e-07,1.745600000000000226e-07
6.340793650793650782e-07,1.738253968253968574e-07
8.564218750000000139e-07,1.737968750000000010e-07
1.061238095238095155e-06,1.748928571428571496e-07
1.149220779220779174e-06,1.752337662337662348e-07
1.312341463414634139e-06,1.745731707317073126e-07
1.377929411764706042e-06,1.746941176470588347e-07
1.405082352941176465e-06,1.745529411764706184e-07
3.702647058823529530e-07,1.755882352941176615e-07
7.032615384615384387e-07,1.756923076923076998e-07
7.731038961038961137e-07,1.757792207792207924e-07
9.390659340659340223e-07,1.759120879120879282e-07
1.352575000000000132e-06,1.761374999999999981e-07
1.497368421052631832e-06,1.758210526315789468e-07
2.323731343283582466e-07,1.764179104477612065e-07
4.402063492063492300e-07,1.760158730158730221e-07
8.706578947368421393e-07,1.763552631578947444e-07
1.007518518518518560e-06,1.763456790123456738e-07
1.470468354430379898e-06,1.766202531645569757e-07
1.754819277108433728e-07,1.772771084337349744e-07
2.858831168831169117e-07,1.775064935064935315e-07
3.553888888888889191e-07,1.771250000000000194e-07
5.793793103448275652e-07,1.781379310344827820e-07
8.418472222222221830e-07,1.773472222222222348e-07
1.076293333333333331e-06,1.778400000000000096e-07
1.523794520547945349e-06,1.777260273972602834e-07
4.931578947368421537e-08,1.778947368421052679e-07
1.053064516129032319e-07,1.777903225806451709e-07
5.099382716049383316e-07,1.785185185185185083e-07
6.886933333333334333e-07,1.782666666666667012e-07
7.583414634146342342e-07,1.784878048780488125e-07
8.855443037974684098e-07,1.785443037974683655e-07
9.537872340425531796e-07,1.789574468085106388e-07
1.286541176470588380e-06,1.791647058823529425e-07
1.604634146341463486e-07,1.796097560975610099e-07
2.174500000000000049e-07,1.791375000000000118e-07
4.255652173913044251e-07,1.788115942028985729e-07
1.022126436781609284e-06,1.799770114942528942e-07
1.327196428571428688e-06,1.790535714285714227e-07
3.405285714285714574e-07,1.803714285714285814e-07
4.954225352112676552e-07,1.808028169014084675e-07
6.740853658536586420e-07,1.812804878048780621e-07
9.003555555555556945e-07,1.813000000000000154e-07
1.162968253968254009e-06,1.797619047619047739e-07
1.443148148148148134e-06,1.805308641975308627e-07
9.058108108108108897e-08,1.814594594594594511e-07
5.644411764705883393e-07,1.807500000000000006e-07
7.434810126582279295e-07,1.814050632911392454e-07
8.279056603773585112e-07,1.803584905660377444e-07
9.683902439024390525e-07,1.819634146341463493e-07
1.204186440677966218e-06,1.809830508474576510e-07
1.243563380281690103e-06,1.815774647887323851e-07
1.391342857142857246e-06,1.810285714285714387e-07
1.418220588235294283e-06,1.810000000000000193e-07
2.024929577464789016e-07,1.822676056338028297e-07
2.714090909090909758e-07,1.815000000000000040e-07
4.100140845070422817e-07,1.818873239436619892e-07
6.211940298507462567e-07,1.821194029850746414e-07
8.138636363636363968e-07,1.818636363636363757e-07
1.037047058823529484e-06,1.826000000000000072e-07
1.090000000000000152e-06,1.820000000000000151e-07
1.886206896551724165e-08,1.824999999999999997e-07
1.453823529411764812e-07,1.829852941176470810e-07
3.256610169491525616e-07,1.832711864406779833e-07
4.804999999999999947e-07,1.833243243243243280e-07
7.286153846153846893e-07,1.840769230769230851e-07
7.979473684210526696e-07,1.831315789473684264e-07
1.300611764705882309e-06,1.841294117647059001e-07
1.365641975308642086e-06,1.833456790123456703e-07
1.483517647058823500e-06,1.839411764705882343e-07
1.510024390243902616e-06,1.836707317073170672e-07
7.526923076923077181e-08,1.848717948717948800e-07
3.954285714285714527e-07,1.842597402597402644e-07
5.500000000000000281e-07,1.841818181818181923e-07
1.124385714285714419e-06,1.843428571428571713e-07
1.176691176470588280e-06,1.844117647058823592e-07
1.340233333333333509e-06,1.849888888888889020e-07
1.298947368421052616e-07,1.848947368421052644e-07
4.655432098765432233e-07,1.855679012345679036e-07
6.042857142857144142e-07,1.852857142857143018e-07
6.591549295774648797e-07,1.855492957746478946e-07
7.831500000000000743e-07,1.863749999999999996e-07
9.144500000000000920e-07,1.843666666666666831e-07
9.832195121951221018e-07,1.850487804878048988e-07
1.051189873417721704e-06,1.857848101265822891e-07
1.104649350649350763e-06,1.850779220779220743e-07
1.139652173913043613e-06,1.862391304347825935e-07
1.456921052631579003e-06,1.851447368421052832e-07
3.859154929577465489e-09,1.862816901408450757e-07
5.345421686746987972e-07,1.864819277108433786e-07
9.288082191780821804e-07,1.869726027397260505e-07
2.419393939393939786e-07,1.870909090909091131e-07
3.808208955223880972e-07,1.870895522388059634e-07
4.504729729729729996e-07,1.881216216216216216e-07
7.131818181818181779e-07,1.875000000000000048e-07
8.522898550724637950e-07,1.878115942028985609e-07
5.976056338028169307e-08,1.883943661971831195e-07
1.156081081081081187e-07,1.883648648648648859e-07
1.860923076923076870e-07,1.880923076923077049e-07
2.964337349397590806e-07,1.883734939759036140e-07
5.894109589041096961e-07,1.886301369863013957e-07
1.065831578947368462e-06,1.889052631578947343e-07
1.190633802816901539e-06,1.880281690140845157e-07
1.229941176470588363e-06,1.881617647058823498e-07
1.275103448275862210e-06,1.881896551724137803e-07
5.199726027397259751e-07,1.895068493150685283e-07
7.679882352941176722e-07,1.901411764705882501e-07
9.435555555555555519e-07,1.901604938271605138e-07
9.980000000000000162e-07,1.890000000000000116e-07
1.378910256410256364e-06,1.897179487179487543e-07
1.403537500000000070e-06,1.897875000000000178e-07
1.430680555555555780e-06,1.890138888888888868e-07
2.272716049382715955e-07,1.903456790123456933e-07
3.665892857142857347e-07,1.895357142857142770e-07
4.355975609756097951e-07,1.903170731707317158e-07
6.438983050847457334e-07,1.896271186440677983e-07
8.749473684210526312e-07,1.902807017543859747e-07
1.011923076923076878e-06,1.905128205128205491e-07
1.153692307692307775e-06,1.900461538461538650e-07
1.496909090909090984e-06,1.905000000000000184e-07
4.510666666666667220e-08,1.921866666666666829e-07
1.012456140350877392e-07,1.911929824561403688e-07
3.508933333333333599e-07,1.914666666666666871e-07
8.380357142857143996e-07,1.915357142857142949e-07
1.353151515151515354e-06,1.911515151515151667e-07
1.470488095238095303e-06,1.914047619047619142e-07
1.702638888888889075e-07,1.920972222222222312e-07
2.816415094339622897e-07,1.913207547169811272e-07
5.046400000000000507e-07,1.927333333333333254e-07
5.742872340425532555e-07,1.927446808510638450e-07
8.893000000000000024e-07,1.927125000000000258e-07
1.257076923076923124e-06,1.917500000000000064e-07
1.555512820512820530e-07,1.940384615384615559e-07
2.124838709677419353e-07,1.940322580645161532e-07
4.207391304347826618e-07,1.930144927536232077e-07
6.839571428571429210e-07,1.935857142857142901e-07
7.533827160493827016e-07,1.932098765432098734e-07
8.226785714285715231e-07,1.937261904761904861e-07
9.582619047619049489e-07,1.932976190476190367e-07
1.080000000000000036e-06,1.936235294117647114e-07
1.215818181818181797e-06,1.933939393939394148e-07
1.288652777777778002e-06,1.935277777777777825e-07
1.327229508196721360e-06,1.931803278688524713e-07
1.524628571428571532e-06,1.936714285714286012e-07
3.356623376623377141e-07,1.941688311688311816e-07
5.593292682926829818e-07,1.952804878048780551e-07
1.026313253012048122e-06,1.941686746987951721e-07
2.976811594202898521e-08,1.948985507246377047e-07
2.663870967741935591e-07,1.949354838709677657e-07
4.061428571428571854e-07,1.956753246753246989e-07
4.901194029850745936e-07,1.950000000000000124e-07
6.140109890109889998e-07,1.961648351648351728e-07
7.386516853932584297e-07,1.955505617977528062e-07
8.076527777777778636e-07,1.957916666666666679e-07
9.042151898734177040e-07,1.958987341772152148e-07
9.732666666666666600e-07,1.958222222222222463e-07
1.417215189873417917e-06,1.958607594936709008e-07
1.443787500000000024e-06,1.955374999999999998e-07
8.520833333333333367e-08,1.960000000000000081e-07
1.976865671641791318e-07,1.960895522388059778e-07
6.694303797468354923e-07,1.964303797468354788e-07
1.041381578947368425e-06,1.966842105263157904e-07
1.115074074074074196e-06,1.957962962962963106e-07
1.166765625000000129e-06,1.959531250000000112e-07
1.242828571428571537e-06,1.960428571428571504e-07
1.423437500000000070e-08,1.972031249999999992e-07
1.409090909090909123e-07,1.968030303030303201e-07
2.514594594594594691e-07,1.975000000000000149e-07
3.203714285714285909e-07,1.970428571428571461e-07
4.751294117647059251e-07,1.973882352941176582e-07
7.930384615384616390e-07,1.974743589743589799e-07
1.094529411764705926e-06,1.965686274509803936e-07
1.129885714285714409e-06,1.979857142857143031e-07
1.366462500000000090e-06,1.982874999999999946e-07
7.077333333333333709e-08,1.992266666666666719e-07
3.908977272727272975e-07,1.984318181818182041e-07
7.234418604651163219e-07,1.985000000000000106e-07
9.189102564102565333e-07,1.985641025641025850e-07
9.875357142857144082e-07,1.990000000000000217e-07
1.201802816901408571e-06,1.986338028169014179e-07
1.303430555555555643e-06,1.985833333333333678e-07
1.483790123456790201e-06,1.985925925925926004e-07
1.510800000000000002e-06,1.987076923076923176e-07
3.059714285714286208e-07,1.991714285714285909e-07
5.449062500000000821e-07,1.985468750000000075e-07
5.994761904761905559e-07,1.996071428571428753e-07
6.545393258426966381e-07,2.000224719101123682e-07
1.055303571428571371e-06,1.993035714285714353e-07
1.340739130434782641e-06,1.999021739130434734e-07
1.391245901639344361e-06,1.987704918032787260e-07
1.458089743589743748e-06,1.998974358974359038e-07
1.262615384615384733e-07,1.996615384615384820e-07
4.603918918918919040e-07,1.998243243243243235e-07
7.782205882352941642e-07,2.006323529411764763e-07
2.370933333333333600e-07,2.014133333333333475e-07
3.754242424242424784e-07,2.009848484848485153e-07
4.456385542168674943e-07,2.023132530120482076e-07
5.305249999999999943e-07,2.013250000000000111e-07
7.084024390243902315e-07,2.017926829268292713e-07
9.334358974358974665e-07,2.016025641025641379e-07
1.144436619718309946e-06,2.013661971830986169e-07
5.553333333333333430e-08,2.025777777777778006e-07
1.113098591549295922e-07,2.023239436619718496e-07
1.811538461538461766e-07,2.024102564102564106e-07
2.912876712328767585e-07,2.024383561643835487e-07
3.610540540540541046e-07,2.029054054054054429e-07
5.850138888888889652e-07,2.030694444444444601e-07
8.624794520547945632e-07,2.024794520547945295e-07
1.002142857142857228e-06,2.029081632653061396e-07
5.153333333333333686e-07,2.041839080459770089e-07
7.626493506493506919e-07,2.038181818181818144e-07
8.466478873239437661e-07,2.035633802816901602e-07
1.227448717948718089e-06,2.032435897435897712e-07
1.266291666666666916e-06,2.029722222222222541e-07
1.431176470588235518e-06,2.036705882352941181e-07
9.685294117647060419e-08,2.047205882352941176e-07
4.305897435897436328e-07,2.045000000000000114e-07
6.385633802816901775e-07,2.037746478873239487e-07
6.940000000000000469e-07,2.045000000000000114e-07
8.316708860759494935e-07,2.051139240506329116e-07
8.796125000000000422e-07,2.045000000000000114e-07
9.481395348837209309e-07,2.049186046511628015e-07
1.068763636363636383e-06,2.041818181818182126e-07
1.186812500000000040e-06,2.042343750000000113e-07
1.404855072463768074e-06,2.045362318840579917e-07
2.226885245901639428e-07,2.047704918032787267e-07
2.763918918918918975e-07,2.055270270270270512e-07
1.497513888888888911e-06,2.057638888888889011e-07
1.668644067796610268e-07,2.057796610169491506e-07
3.458928571428572117e-07,2.060238095238095299e-07
1.017402439024390365e-06,2.061585365853658592e-07
1.378366197183098767e-06,2.066901408450704363e-07
4.056000000000000717e-08,2.069733333333333523e-07
4.157142857142857726e-07,2.072857142857142871e-07
5.004714285714285691e-07,2.072714285714285906e-07
5.695294117647058704e-07,2.071617647058823479e-07
6.243209876543210950e-07,2.071975308641975299e-07
7.480625000000000058e-07,2.071500000000000252e-07
8.165696202531645527e-07,2.077341772151898909e-07
8.943291139240506888e-07,2.074177215189873623e-07
9.630481927710844168e-07,2.073734939759036386e-07
1.252034883720930335e-06,2.078372093023255942e-07
1.354480000000000201e-06,2.075600000000000136e-07
1.471058823529411908e-06,2.070294117647059000e-07
1.517361111111111171e-07,2.083333333333333592e-07
2.082933333333333403e-07,2.085600000000000094e-07
2.615121951219512364e-07,2.085975609756097609e-07
3.307466666666667008e-07,2.081866666666666674e-07
4.848169014084507265e-07,2.089577464788732688e-07
6.791898734177216019e-07,2.078481012658227800e-07
1.105800000000000068e-06,2.074461538461538488e-07
1.213285714285714322e-06,2.082077922077922107e-07
1.291725806451613053e-06,2.081290322580645295e-07
1.523081081081081125e-06,2.082027027027027211e-07
8.079729729729729914e-08,2.098918918918919042e-07
4.008591549295774784e-07,2.098309859154929756e-07
5.548421052631579132e-07,2.099605263157894843e-07
7.334069767441861436e-07,2.097790697674418677e-07
8.021818181818181940e-07,2.096818181818182023e-07
1.313666666666666823e-06,2.088518518518518618e-07
2.443137254901960668e-08,2.089607843137255170e-07
1.930312500000000100e-07,2.105000000000000122e-07
6.097792207792207346e-07,2.104935064935065018e-07
9.092023809523810484e-07,2.104047619047619123e-07
9.777471264367816787e-07,2.104022988505747123e-07
1.172584905660377578e-06,2.093207547169811296e-07
1.444434210526315882e-06,2.105131578947368511e-07
9.783783783783784874e-09,2.116216216216216401e-07
1.365443037974683600e-07,2.112658227848101420e-07
3.159571428571428551e-07,2.116999999999999965e-07
4.701046511627907239e-07,2.115581395348837258e-07
5.399885057471264003e-07,2.121034482758620747e-07
6.644556962025316789e-07,2.114556962025316592e-07
7.880731707317073997e-07,2.116219512195122096e-07
1.418054794520548063e-06,2.112054794520547952e-07
2.471818181818182139e-07,2.123506493506493699e-07
7.183260869565218459e-07,2.131521739130434894e-07
1.091366666666666639e-06,2.121833333333333573e-07
1.277560000000000013e-06,2.121333333333333271e-07
6.518666666666667069e-08,2.138400000000000143e-07
3.011052631578947729e-07,2.135000000000000258e-07
3.852933333333333503e-07,2.129733333333333531e-07
5.946375000000000729e-07,2.138249999999999973e-07
6.490410958904109292e-07,2.138356164383561929e-07
9.240000000000000683e-07,2.130000000000000147e-07
9.918275862068965716e-07,2.132241379310344997e-07
1.198087500000000199e-06,2.134250000000000202e-07
1.238179487179487214e-06,2.132435897435897549e-07
1.484346153846153881e-06,2.136923076923076959e-07
1.220307692307692545e-07,2.139076923076923214e-07
4.545714285714285617e-07,2.141558441558441811e-07
7.728854166666666801e-07,2.150208333333333587e-07
1.341193181818181846e-06,2.150113636363636362e-07
2.322784810126582539e-07,2.157215189873417873e-07
2.860833333333333507e-07,2.163809523809524014e-07
3.706379310344827653e-07,2.149137931034482974e-07
5.250000000000000557e-07,2.156913580246913782e-07
7.034761904761905343e-07,2.160714285714285900e-07
8.545750000000000935e-07,2.155124999999999917e-07
8.696455696202531392e-07,2.159493670886076185e-07
9.383780487804878972e-07,2.160243902439024634e-07
1.117701298701298976e-06,2.158701298701298729e-07
1.366493827160493806e-06,2.160617283950617372e-07
1.458250000000000184e-06,2.148382352941176722e-07
1.510328767123287789e-06,2.158904109589041235e-07
1.075125000000000040e-07,2.168250000000000109e-07
1.768630136986301621e-07,2.166712328767123626e-07
4.399729729729730048e-07,2.162162162162162486e-07
1.051803921568627370e-06,2.154117647058823589e-07
1.390116666666666743e-06,2.155833333333333480e-07
5.046913580246913455e-08,2.176913580246913697e-07
3.561470588235294155e-07,2.173676470588235609e-07
6.343076923076923007e-07,2.176538461538461659e-07
7.575584415584415939e-07,2.178441558441558491e-07
8.393815789473684960e-07,2.176578947368421286e-07
1.224035714285714389e-06,2.182857142857142929e-07
1.263583333333333362e-06,2.174166666666666779e-07
1.616913580246913711e-07,2.194320987654321098e-07
4.252987012987013277e-07,2.185844155844155869e-07
5.101333333333334014e-07,2.183066666666666813e-07
6.887820512820513632e-07,2.188076923076923454e-07
8.846075949367089462e-07,2.187341772151898968e-07
9.528387096774194995e-07,2.188494623655913958e-07
1.077246575342465907e-06,2.187808219178082324e-07
1.183932584269662935e-06,2.187752808988764278e-07
1.431445783132530083e-06,2.184698795180722782e-07
9.262337662337663289e-08,2.193636363636363872e-07
2.176571428571428549e-07,2.198000000000000227e-07
2.716818181818182016e-07,2.206250000000000052e-07
8.248809523809525099e-07,2.196904761904762263e-07
1.143537313432835823e-06,2.196268656716418039e-07
1.405436619718310073e-06,2.192253521126760671e-07
3.591176470588235960e-08,2.208970588235294452e-07
3.410422535211268121e-07,2.206197183098591929e-07
4.104078947368421307e-07,2.210789473684210669e-07
4.954558823529411675e-07,2.213529411764705874e-07
5.640298507462686247e-07,2.209104477611940372e-07
6.194698795180723088e-07,2.214457831325301268e-07
7.431230769230770118e-07,2.210000000000000069e-07
8.101428571428572032e-07,2.206250000000000052e-07
8.996478873239437245e-07,2.216901408450704515e-07
9.677432432432432127e-07,2.218918918918919057e-07
1.035851851851851975e-06,2.216296296296296437e-07
1.104164835164835336e-06,2.222197802197802576e-07
1.469729729729729884e-07,2.223108108108108111e-07
2.029374999999999999e-07,2.223281250000000075e-07
3.263376623376623640e-07,2.224415584415584465e-07
6.743037974683545388e-07,2.226835443037974962e-07
1.209513513513513533e-06,2.226891891891892164e-07
1.249476190476190368e-06,2.224166666666666830e-07
1.288328358208955374e-06,2.221641791044776404e-07
1.327625000000000058e-06,2.221527777777777890e-07
1.496171875000000114e-06,2.221718750000000090e-07
2.566753246753247289e-07,2.232857142857142980e-07
4.799000000000000555e-07,2.223800000000000100e-07
1.063014084507042266e-06,2.238591549295774949e-07
1.353104477611940489e-06,2.231194029850746512e-07
7.581944444444444232e-08,2.241805555555555573e-07
3.955753424657534440e-07,2.243287671232876821e-07
5.497777777777778127e-07,2.230370370370370607e-07
6.045851063829788245e-07,2.247659574468085217e-07
7.285000000000000978e-07,2.243783783783783995e-07
9.141724137931035815e-07,2.244482758620689641e-07
9.825370370370370523e-07,2.237777777777777787e-07
1.170230769230769416e-06,2.235384615384615488e-07
1.378513513513513524e-06,2.245675675675676022e-07
1.444723684210526286e-06,2.250526315789473719e-07
1.521706666666666825e-06,2.239733333333333325e-07
4.042253521126761587e-09,2.257605633802816972e-07
1.324366197183098575e-07,2.255211267605634089e-07
4.651851851851851743e-07,2.256172839506173166e-07
6.595857142857143336e-07,2.254571428571428586e-07
1.128500000000000080e-06,2.252962962962963299e-07
3.113194444444444931e-07,2.262083333333333522e-07
7.137938144329897490e-07,2.274845360824742344e-07
7.830666666666667700e-07,2.255500000000000311e-07
1.022947368421052739e-06,2.257368421052631543e-07
1.313371428571428655e-06,2.257571428571428812e-07
1.418378787878788073e-06,2.259393939393939412e-07
1.469296296296296326e-06,2.250555555555555701e-07
2.415138888888888871e-07,2.269027777777777753e-07
2.965070422535211595e-07,2.276478873239436628e-07
3.810714285714285984e-07,2.270142857142857306e-07
5.355599999999999596e-07,2.274799999999999961e-07
5.894415584415584902e-07,2.276623376623376734e-07
9.285921052631579347e-07,2.270789473684210677e-07
1.089043010752688118e-06,2.280430107526881767e-07
1.235188235294117832e-06,2.277176470588235443e-07
1.274753246753246785e-06,2.271818181818181936e-07
6.116250000000000257e-08,2.280625000000000081e-07
1.177462686567164301e-07,2.277910447761194338e-07
6.450588235294117907e-07,2.284823529411764776e-07
1.155307692307692479e-06,2.286538461538461718e-07
1.194999999999999994e-06,2.282608695652174190e-07
1.482879310344827682e-06,2.280689655172413916e-07
3.664366197183098882e-07,2.292676056338028403e-07
4.505781250000000297e-07,2.291406250000000163e-07
6.987738095238095714e-07,2.304047619047619061e-07
7.685625000000000636e-07,2.300374999999999977e-07
8.478441558441558259e-07,2.294155844155844278e-07
1.049186813186813295e-06,2.301868131868132010e-07
1.340300000000000110e-06,2.299000000000000138e-07
2.271527777777777940e-07,2.305694444444444615e-07
2.814025974025974226e-07,2.308571428571428673e-07
4.352833333333333896e-07,2.301000000000000024e-07
5.206315789473684773e-07,2.300921052631578938e-07
9.430985915492957761e-07,2.299014084507042322e-07
1.508309523809523947e-06,2.303690476190476253e-07
1.028550724637681145e-07,2.308985507246377094e-07
1.723378378378378574e-07,2.307702702702702615e-07
5.750923076923077160e-07,2.314000000000000207e-07
8.332428571428571387e-07,2.316714285714285974e-07
1.365493670886076089e-06,2.312658227848101358e-07
4.605333333333333808e-08,2.319066666666666707e-07
3.516712328767123406e-07,2.322465753424657655e-07
4.204782608695651933e-07,2.325652173913043513e-07
5.060142857142857805e-07,2.323714285714285705e-07
6.309444444444444716e-07,2.322037037037037102e-07
6.843913043478262130e-07,2.337065217391304515e-07
8.177011494252873636e-07,2.329425287356321851e-07
8.742203389830508852e-07,2.321355932203390123e-07
8.890394736842105760e-07,2.326184210526316006e-07
1.220600000000000011e-06,2.329444444444444811e-07
1.260475609756097583e-06,2.325365853658536632e-07
1.300052631578947297e-06,2.320526315789473949e-07
1.390695652173912999e-06,2.325072463768116041e-07
1.573972602739726016e-07,2.336164383561644036e-07
2.124230769230769515e-07,2.333974358974359059e-07
7.537971014492754395e-07,2.330869565217391294e-07
1.075185185185185369e-06,2.338765432098765336e-07
1.141047058823529463e-06,2.337529411764705926e-07
1.180833333333333392e-06,2.329027777777777760e-07
1.432083333333333316e-06,2.332361111111111256e-07
1.456660714285714342e-06,2.333392857142857294e-07
2.667631578947368419e-07,2.341578947368421241e-07
3.366666666666666903e-07,2.347599999999999925e-07
9.574000000000001424e-07,2.333833333333333354e-07
1.404560000000000025e-06,2.335000000000000196e-07
1.662500000000000163e-08,2.350000000000000264e-07
3.107999999999999773e-08,2.353733333333333419e-07
4.054875000000000501e-07,2.354625000000000082e-07
4.913714285714286266e-07,2.353714285714285842e-07
5.604102564102564928e-07,2.358461538461538649e-07
6.152705882352940980e-07,2.361058823529411910e-07
8.025593220338983481e-07,2.354237288135593404e-07
9.041494252873563361e-07,2.355172413793103581e-07
9.956274509803922398e-07,2.354901960784314088e-07
1.034966666666666848e-06,2.359111111111111148e-07
1.426543209876543371e-07,2.365432098765432241e-07
1.968243243243243364e-07,2.368783783783784121e-07
4.756818181818182284e-07,2.362727272727273009e-07
6.698142857142856988e-07,2.368285714285714487e-07
7.390000000000000396e-07,2.365000000000000068e-07
1.286589743589743780e-06,2.364615384615384675e-07
1.494250000000000135e-06,2.367380952380952564e-07
1.100383720930232658e-06,2.373720930232558284e-07
1.166233766233766519e-06,2.381948051948051938e-07
1.206070422535211368e-06,2.374788732394366210e-07
1.246275000000000193e-06,2.375500000000000327e-07
1.325452830188679179e-06,2.365660377358490773e-07
2.520246913580247060e-07,2.385432098765432156e-07
3.908307692307692527e-07,2.379230769230769614e-07
7.232033898305085280e-07,2.383898305084745909e-07
9.189333333333333033e-07,2.386666666666666862e-07
1.061000000000000091e-06,2.389662921348314698e-07
1.352430769230769340e-06,2.383384615384615490e-07
7.173972602739725869e-08,2.394246575342465643e-07
4.607066666666666813e-07,2.400266666666666931e-07
5.451884057971014780e-07,2.388115942028985543e-07
6.546153846153846354e-07,2.396923076923077170e-07
7.798205128205128836e-07,2.397435897435897870e-07
1.020621951219512320e-06,2.401951219512195119e-07
1.126675000000000101e-06,2.394749999999999920e-07
1.520365853658536557e-06,2.394390243902438931e-07
3.060781250000000262e-07,2.405468750000000130e-07
3.764794520547945788e-07,2.410547945205479399e-07
6.000847457627119997e-07,2.398644067796610320e-07
1.312162500000000034e-06,2.408249999999999876e-07
1.377411764705882573e-06,2.397205882352941531e-07
1.274999999999999969e-07,2.411282051282051494e-07
1.826202531645569764e-07,2.414430379746835408e-07
2.372533333333333561e-07,2.416399999999999853e-07
2.912105263157894740e-07,2.417631578947368695e-07
5.306000000000000529e-07,2.409142857142857161e-07
7.079838709677419981e-07,2.413548387096774502e-07
9.819531249999999820e-07,2.407656250000000162e-07
1.271923076923076929e-06,2.422435897435897631e-07
1.417000000000000155e-06,2.416750000000000515e-07
1.444240740740740746e-06,2.406481481481481597e-07
5.647126436781609128e-08,2.426436781609195397e-07
5.855416666666667003e-07,2.418194444444444597e-07
6.404533333333333667e-07,2.428266666666666917e-07
8.418977272727272993e-07,2.428750000000000357e-07
9.334615384615384751e-07,2.412115384615384537e-07
1.086574074074074172e-06,2.416851851851852178e-07
1.152421686746988053e-06,2.434216867469879470e-07
1.192242857142857323e-06,2.426285714285714609e-07
1.232131578947368463e-06,2.422894736842105320e-07
1.480512820512820613e-06,2.423974358974359204e-07
3.612058823529411929e-07,2.432500000000000110e-07
4.461111111111111045e-07,2.434814814814815118e-07
7.634615384615385145e-07,2.439102564102564315e-07
1.130000000000000060e-07,2.438805970149253880e-07
1.681866666666666798e-07,2.447466666666666983e-07
2.222179487179487343e-07,2.444358974358974246e-07
5.160897435897435977e-07,2.445512820512820691e-07
6.939199999999999562e-07,2.444400000000000368e-07
8.267471264367816633e-07,2.446206896551724018e-07
1.006493975903614617e-06,2.451807228915662878e-07
1.046690140845070467e-06,2.445070422535211173e-07
1.337147058823529584e-06,2.442352941176471033e-07
6.254583333333334365e-07,2.455833333333333784e-07
1.112535714285714270e-06,2.459047619047619059e-07
1.297625000000000133e-06,2.461250000000000152e-07
1.506142857142857189e-06,2.452857142857142832e-07
4.153164556962025390e-08,2.461772151898734007e-07
9.805882352941177627e-08,2.459705882352941462e-07
2.768378378378378469e-07,2.458918918918919354e-07
4.150000000000000500e-07,2.465362318840579972e-07
5.008181818181818667e-07,2.467045454545454892e-07
8.116857142857143258e-07,2.467857142857142901e-07
9.679322033898305126e-07,2.455254237288135869e-07
1.257593023255813937e-06,2.468604651162790627e-07
2.071058823529411828e-07,2.478470588235294318e-07
4.313888888888889644e-07,2.466111111111111511e-07
5.701379310344828246e-07,2.464999999999999904e-07
7.490705882352941976e-07,2.471647058823529691e-07
8.945396825396826215e-07,2.471428571428571513e-07
1.177494117647058947e-06,2.480470588235294468e-07
1.217661538461538545e-06,2.473692307692307842e-07
1.402500000000000124e-06,2.477105263157894882e-07
1.533376623376623633e-07,2.481948051948052039e-07
4.002077922077922094e-07,2.492857142857143191e-07
6.792089552238806279e-07,2.481343283582089784e-07
7.912985074626865947e-07,2.479701492537313407e-07
8.797678571428571930e-07,2.476428571428571360e-07
1.072592592592592644e-06,2.477592592592592639e-07
1.138054945054945222e-06,2.487802197802197645e-07
1.363285714285714368e-06,2.480857142857142818e-07
1.466378787878788080e-06,2.480606060606060945e-07
1.531125000000000100e-06,2.481428571428571735e-07
1.165671641791044750e-08,2.490298507462686760e-07
2.650000000000000237e-08,2.490000000000000194e-07
2.624868421052632154e-07,2.494736842105263262e-07
3.320000000000000083e-07,2.488805970149253931e-07
4.859850746268657355e-07,2.494328358208955135e-07
9.091551724137932029e-07,2.495517241379310716e-07
9.531111111111111313e-07,2.493333333333333425e-07
1.385925925925925925e-07,2.512592592592592622e-07
5.565614035087719902e-07,2.501754385964912448e-07
6.103703703703703420e-07,2.504074074074074365e-07
7.343157894736842214e-07,2.504605263157894830e-07
9.922345679012345144e-07,2.506049382716049260e-07
1.031973333333333474e-06,2.505600000000000413e-07
1.283862500000000026e-06,2.511750000000000240e-07
1.925324675324675354e-07,2.522467532467532702e-07
8.648888888888889749e-07,2.510158730158730187e-07
1.098620253164556947e-06,2.517468354430380102e-07
1.203746666666666696e-06,2.519600000000000406e-07
1.243346153846153986e-06,2.518589743589743801e-07
1.429461538461538575e-06,2.507846153846154119e-07
1.492145161290322766e-06,2.511451612903225990e-07
2.476000000000000201e-07,2.528533333333333635e-07
3.173376623376623231e-07,2.524415584415584769e-07
4.717123287671232842e-07,2.523561643835616377e-07
5.406190476190475877e-07,2.525555555555555715e-07
6.631016949152543102e-07,2.516610169491525607e-07
1.163546511627907015e-06,2.528488372093023252e-07
6.783870967741937014e-08,2.533709677419354936e-07
7.741558441558442722e-07,2.537012987012987041e-07
1.058354430379746867e-06,2.533924050632911590e-07
1.348987654320987818e-06,2.534814814814815219e-07
1.388000000000000094e-06,2.527258064516129208e-07
1.518066666666666721e-06,2.539199999999999867e-07
3.861886792452830249e-07,2.535660377358490575e-07
5.960784313725491255e-07,2.539215686274509949e-07
7.199104477611940718e-07,2.540895522388059943e-07
1.017523255813953528e-06,2.545232558139534857e-07
1.123951807228915676e-06,2.551325301204819678e-07
1.241780821917808274e-07,2.554109589041095905e-07
2.326144578313253146e-07,2.558674698795180949e-07
3.023770491803278889e-07,2.546721311475410074e-07
4.569531250000000322e-07,2.547656250000000092e-07
5.257972972972972869e-07,2.554459459459459432e-07
8.504262295081966914e-07,2.549999999999999938e-07
9.782682926829268609e-07,2.558170731707317134e-07
1.308855072463768061e-06,2.555362318840579851e-07
1.452232142857142884e-06,2.546071428571428516e-07
1.779864864864864969e-07,2.559594594594594895e-07
2.871830985915493043e-07,2.567042253521126972e-07
3.721333333333333569e-07,2.556166666666666891e-07
5.802597402597403693e-07,2.566883116883116968e-07
6.354578313253012239e-07,2.571686746987952200e-07
8.352962962962963394e-07,2.568518518518518416e-07
9.387260273972603347e-07,2.561917808219178030e-07
1.084426229508196802e-06,2.559836065573770587e-07
1.229321839080459818e-06,2.566551724137930974e-07
1.269215189873417809e-06,2.566329113924050732e-07
1.414025974025973971e-06,2.565584415584415943e-07
1.478494623655914138e-06,2.571290322580645315e-07
5.140277777777777870e-08,2.570555555555555390e-07
4.422375000000000582e-07,2.577125000000000123e-07
7.045522388059702304e-07,2.570746268656716531e-07
1.149404494382022611e-06,2.584943820224718844e-07
1.188016666666666806e-06,2.573000000000000077e-07
1.093333333333333330e-07,2.580533333333333835e-07
2.179318181818182133e-07,2.589431818181818531e-07
3.573333333333333567e-07,2.582800000000000072e-07
5.111851851851852421e-07,2.586172839506172547e-07
6.903378378378378901e-07,2.587837837837838357e-07
7.595333333333333980e-07,2.583733333333333758e-07
8.206250000000000840e-07,2.576250000000000321e-07
1.043765432098765347e-06,2.588148148148148501e-07
1.334012345679012370e-06,2.587777777777777612e-07
1.374068965517241383e-06,2.577241379310345078e-07
3.634782608695652785e-08,2.598260869565217571e-07
9.452941176470589190e-08,2.598088235294118052e-07
1.630483870967742218e-07,2.591774193548387543e-07
8.010000000000000389e-07,2.590833333333333339e-07
2.721904761904762001e-07,2.603571428571428601e-07
3.425762711864407002e-07,2.602203389830508664e-07
4.275737704918032910e-07,2.607049180327869492e-07
5.657323943661971449e-07,2.604929577464788651e-07
1.003500000000000006e-06,2.602222222222222672e-07
1.110223529411764833e-06,2.608705882352941538e-07
1.503833333333333306e-06,2.606666666666666979e-07
4.112063492063492218e-07,2.609841269841270132e-07
4.959583333333333423e-07,2.611527777777777809e-07
6.208196721311475384e-07,2.605737704918032911e-07
8.867534246575342622e-07,2.609452054794520818e-07
9.240625000000000995e-07,2.610312500000000366e-07
1.215033333333333420e-06,2.619999999999999903e-07
1.254896551724137919e-06,2.615057471264368145e-07
1.293948275862069164e-06,2.611896551724138119e-07
1.439444444444444333e-06,2.606481481481481800e-07
2.175757575757575839e-08,2.625606060606060721e-07
1.483888888888889052e-07,2.616111111111111133e-07
2.034625000000000129e-07,2.625625000000000061e-07
7.444626865671642483e-07,2.620149253731343450e-07
7.863086419753086739e-07,2.623580246913580392e-07
1.174773809523809757e-06,2.628333333333333509e-07
1.360033333333333303e-06,2.629111111111111051e-07
1.399317073170731649e-06,2.625975609756098210e-07
1.464451219512195201e-06,2.627195121951219697e-07
6.623188405797102242e-09,2.635652173913043774e-07
3.963452380952381177e-07,2.635714285714285587e-07
4.813292682926829451e-07,2.634024390243902569e-07
6.758852459016393702e-07,2.629836065573771081e-07
1.069728571428571661e-06,2.630000000000000125e-07
1.529612499999999960e-06,2.634499999999999933e-07
2.575882352941176546e-07,2.638529411764706305e-07
3.268730158730158877e-07,2.636666666666667116e-07
5.511940298507462916e-07,2.639701492537313781e-07
6.055882352941177532e-07,2.642941176470588429e-07
7.300952380952381515e-07,2.652023809523809992e-07
8.718333333333334705e-07,2.640972222222222406e-07
1.135480519480519598e-06,2.643506493506493855e-07
1.425863636363636318e-06,2.652159090909091062e-07
4.659610389610390075e-07,2.661298701298701815e-07
9.507236842105264414e-07,2.654210526315789550e-07
1.029942857142857199e-06,2.650428571428571727e-07
1.889204545454545486e-07,2.665909090909091036e-07
2.425294117647059201e-07,2.668088235294118017e-07
3.119714285714285951e-07,2.667142857142857487e-07
5.353728813559322218e-07,2.660000000000000261e-07
6.617540983606557192e-07,2.657704918032786774e-07
9.095161290322580795e-07,2.660161290322580679e-07
9.895800000000001036e-07,2.657600000000000186e-07
1.095926470588235424e-06,2.661176470588235706e-07
1.200675324675324818e-06,2.667142857142857487e-07
1.240333333333333415e-06,2.668095238095237956e-07
1.280190476190476332e-06,2.663095238095238110e-07
1.319860000000000014e-06,2.656600000000000641e-07
1.490185185185185207e-06,2.663827160493827480e-07
3.813043478260869862e-07,2.667536231884058460e-07
5.904567901234568094e-07,2.673950617283950273e-07
1.055277777777777886e-06,2.677777777777778021e-07
1.345536585365853770e-06,2.680853658536585269e-07
1.384863157894736934e-06,2.680210526315789386e-07
6.456438356164383831e-07,2.681232876712329071e-07
7.153908045977012359e-07,2.690459770114942455e-07
7.714210526315789597e-07,2.684210526315789687e-07
8.572238805970150148e-07,2.682238805970149155e-07
1.160831325301204904e-06,2.681807228915663217e-07
1.450743902439024534e-06,2.693780487804878226e-07
6.059016393442623095e-08,2.686885245901639577e-07
2.972500000000000445e-07,2.683999999999999946e-07
3.670547945205479829e-07,2.695342465753424731e-07
5.211184210526315436e-07,2.696578947368420913e-07
8.113815789473685099e-07,2.695131578947368368e-07
1.121511627906976954e-06,2.699186046511628145e-07
1.515555555555555750e-06,2.692716049382716010e-07
1.190769230769230854e-07,2.694923076923077324e-07
4.510512820512820719e-07,2.698589743589743560e-07
9.355176470588236222e-07,2.709411764705882589e-07
9.749264705882352273e-07,2.701470588235294131e-07
1.305986486486486566e-06,2.702297297297297645e-07
1.410880597014925501e-06,2.706567164179104539e-07
1.749428571428571533e-07,2.710428571428571470e-07
2.823999999999999876e-07,2.709285714285714695e-07
5.759250000000000170e-07,2.713750000000000064e-07
6.309397590361445731e-07,2.713734939759036558e-07
7.007466666666667052e-07,2.713600000000000158e-07
1.186321428571428745e-06,2.715952380952381156e-07
1.226186666666666730e-06,2.714666666666666623e-07
1.266195121951219726e-06,2.714146341463415063e-07
1.475879518072289130e-06,2.718313253012048185e-07
1.047014925373134347e-07,2.720000000000000004e-07
3.521095890410959069e-07,2.720958904109589204e-07
4.364383561643835529e-07,2.726438356164383650e-07
5.063896103896104180e-07,2.725584415584415788e-07
7.964886363636364150e-07,2.732386363636363849e-07
8.260344827586207583e-07,2.714137931034482541e-07
7.501538461538462027e-08,2.737538461538461720e-07
1.597432432432432566e-07,2.739729729729729742e-07
2.142031250000000058e-07,2.733281250000000009e-07
6.865189873417721434e-07,2.735569620253165047e-07
7.566799999999999703e-07,2.730133333333333534e-07
8.421071428571429442e-07,2.725892857142857136e-07
1.041192771084337603e-06,2.733855421686747165e-07
1.146637500000000039e-06,2.736000000000000147e-07
9.017391304347826676e-08,2.745942028985507834e-07
2.677619047619047943e-07,2.739365079365079605e-07
3.372250000000000302e-07,2.745125000000000039e-07
4.216111111111111167e-07,2.740925925925926345e-07
4.915529411764705850e-07,2.753999999999999911e-07
5.614166666666666348e-07,2.745833333333333337e-07
6.158554216867470728e-07,2.744457831325301382e-07
8.821304347826088500e-07,2.752065217391304459e-07
9.210816326530612680e-07,2.756326530612245233e-07
1.000487179487179435e-06,2.747051282051282567e-07
1.292174418604651341e-06,2.753023255813953683e-07
1.331630952380952359e-06,2.742261904761904724e-07
1.436768292682927003e-06,2.751829268292683166e-07
1.501750000000000064e-06,2.750795454545454505e-07
4.061764705882353259e-07,2.758382352941176493e-07
9.611805555555556585e-07,2.755138888888889533e-07
1.107629629629629663e-06,2.754814814814814807e-07
1.452280701754385999e-07,2.763157894736842231e-07
1.995466666666666641e-07,2.770666666666666595e-07
6.711978021978022001e-07,2.772967032967033390e-07
1.067361111111111244e-06,2.770555555555555593e-07
1.211753424657534327e-06,2.765068493150685000e-07
1.252325301204819176e-06,2.763734939759036079e-07
1.395911764705882481e-06,2.768382352941176186e-07
3.226410256410256357e-07,2.776153846153846345e-07
4.764266666666667188e-07,2.777866666666666818e-07
6.006375000000001002e-07,2.781750000000000408e-07
7.427000000000001058e-07,2.770666666666666595e-07
7.821756756756757083e-07,2.778108108108108514e-07
1.172653333333333540e-06,2.773466666666667123e-07
1.301917808219178130e-07,2.781232876712329173e-07
3.913253012048192885e-07,2.783132530120481999e-07
5.466478873239436738e-07,2.785633802816901303e-07
8.674597701149426087e-07,2.792988505747126259e-07
1.357200000000000109e-06,2.778923076923076752e-07
1.462535211267605777e-06,2.783239436619718420e-07
1.527367088607594967e-06,2.788354430379747244e-07
2.204225352112676147e-08,2.796197183098591522e-07
6.557230769230770101e-07,2.792461538461538697e-07
9.860240963855422062e-07,2.794096385542168824e-07
1.027027397260273994e-06,2.793013698630137153e-07
1.132719298245614027e-06,2.787017543859649462e-07
1.317500000000000091e-06,2.801190476190476042e-07
1.422242424242424284e-06,2.802020202020202197e-07
4.799999999999999968e-09,2.794181818181818561e-07
1.850113636363636322e-07,2.811931818181818307e-07
3.764533333333333320e-07,2.806666666666667182e-07
4.616000000000000570e-07,2.804250000000000510e-07
5.310307692307692508e-07,2.800923076923077346e-07
7.257868852459016774e-07,2.795737704918032892e-07
9.066375000000001138e-07,2.810625000000000195e-07
9.467361111111111288e-07,2.800555555555555729e-07
1.277611764705882275e-06,2.808588235294117985e-07
1.487506493506493615e-06,2.807142857142857417e-07
3.084150943396226738e-07,2.804905660377358810e-07
5.859764705882353345e-07,2.820352941176470845e-07
1.092467532467532629e-06,2.814415584415584321e-07
1.197727272727272887e-06,2.809848484848485170e-07
1.237621621621621801e-06,2.815135135135134818e-07
3.691176470588235532e-08,2.821617647058823974e-07
2.378636363636364007e-07,2.818636363636363976e-07
6.407611940298508358e-07,2.824626865671641612e-07
7.677200000000001009e-07,2.830000000000000327e-07
8.526233766233767414e-07,2.823636363636363822e-07
1.052910112359550616e-06,2.824157303370786465e-07
1.158175824175824086e-06,2.829120879120879202e-07
1.382757142857142799e-06,2.823714285714285947e-07
2.926666666666667198e-07,2.828115942028985777e-07
3.615362318840580078e-07,2.831449275362319008e-07
5.166164383561644098e-07,2.835753424657534469e-07
7.113478260869565370e-07,2.833913043478261030e-07
1.343459459459459401e-06,2.835405405405405438e-07
5.212068965517241843e-08,2.836724137931034348e-07
4.465238095238095725e-07,2.844166666666666823e-07
8.079285714285714738e-07,2.841250000000000114e-07
1.012087499999999989e-06,2.848250000000000110e-07
1.448515151515151664e-06,2.840757575757575706e-07
1.513438202247190969e-06,2.845056179775281471e-07
1.695714285714285905e-07,2.852467532467532613e-07
3.473974358974359209e-07,2.858205128205128276e-07
6.258550724637682052e-07,2.852028985507246395e-07
8.925000000000000311e-07,2.858205128205128276e-07
9.323461538461539144e-07,2.856923076923076789e-07
9.720588235294116880e-07,2.851529411764705896e-07
1.118436619718309899e-06,2.854788732394366008e-07
1.303455696202531829e-06,2.852151898734177330e-07
1.407400000000000281e-06,2.853733333333333397e-07
6.666153846153845576e-08,2.860769230769231250e-07
8.180434782608695795e-08,2.870326086956522058e-07
2.780000000000000277e-07,2.864262295081967763e-07
5.016590909090909630e-07,2.867159090909090804e-07
5.719999999999999868e-07,2.855517241379310764e-07
6.962676056338029060e-07,2.859718309859155200e-07
8.364938271604939040e-07,2.866296296296296566e-07
1.184152941176470738e-06,2.864470588235294201e-07
1.223756097560975651e-06,2.865000000000000310e-07
1.263278481012658288e-06,2.862784810126582609e-07
1.474228070175438708e-06,2.858245614035087902e-07
9.736619718309859886e-08,2.877183098591549865e-07
4.152241379310344821e-07,2.876034482758621354e-07
7.531000000000000401e-07,2.872571428571428694e-07
7.933977272727272555e-07,2.880454545454545578e-07
1.038666666666666703e-06,2.881494252873563788e-07
1.547283950617284105e-07,2.884444444444444686e-07
3.324352941176470593e-07,2.888823529411764626e-07
4.318181818181818179e-07,2.883506493506493887e-07
6.110289855072463788e-07,2.889130434782608862e-07
6.814782608695652673e-07,2.876956521739130883e-07
1.078838709677419331e-06,2.876612903225806831e-07
1.367970588235294214e-06,2.879411764705882656e-07
2.098636363636363882e-07,2.888636363636363941e-07
4.867948717948717792e-07,2.896410256410256446e-07
5.567468354430380017e-07,2.895316455696202445e-07
8.779473684210526448e-07,2.900394736842105195e-07
9.575555555555555449e-07,2.899753086419753033e-07
9.975853658536585940e-07,2.894146341463414822e-07
1.143999999999999974e-06,2.894642857142857638e-07
1.289058139534883891e-06,2.904186046511628194e-07
1.328666666666666891e-06,2.894999999999999917e-07
1.434360465116279234e-06,2.900232558139535058e-07
1.396463414634146617e-07,2.903170731707317113e-07
2.635535714285714448e-07,2.897500000000000104e-07
4.009090909090909641e-07,2.896969696969697018e-07
9.180449438202247956e-07,2.907191011235955205e-07
1.104207317073170856e-06,2.906585365853659078e-07
1.248851851851852095e-06,2.911481481481481950e-07
1.498680000000000235e-06,2.909700000000000703e-07
1.250000000000000109e-08,2.916216216216216153e-07
6.666760563380281629e-07,2.915633802816901541e-07
7.391714285714286088e-07,2.913285714285714139e-07
7.791224489795919002e-07,2.924081632653061403e-07
1.064815217391304223e-06,2.920000000000000207e-07
1.209491803278688704e-06,2.915901639344262480e-07
1.393855421686747078e-06,2.914457831325300919e-07
1.246176470588235542e-07,2.919264705882353186e-07
1.950694444444444679e-07,2.923333333333333438e-07
3.176962025316455560e-07,2.919620253164557066e-07
3.860000000000000418e-07,2.925625000000000365e-07
4.719861111111110896e-07,2.923194444444444950e-07
5.416944444444445426e-07,2.928750000000000335e-07
5.968194444444445019e-07,2.927916666666667292e-07
1.169739726027397178e-06,2.920410958904110015e-07
1.460229729729729859e-06,2.925810810810811111e-07
2.758024691358024805e-08,2.935185185185185454e-07
2.489859154929577828e-07,2.928309859154929379e-07
3.025915492957746598e-07,2.936478873239436715e-07
6.515194805194806145e-07,2.937922077922078375e-07
8.627752808988764770e-07,2.939213483146067710e-07
1.023014084507042437e-06,2.940000000000000121e-07
1.525000000000000010e-06,2.933181818181818416e-07
3.709577464788732636e-07,2.944084507042253524e-07
9.834571428571428698e-07,2.944999999999999967e-07
1.314781609195402439e-06,2.948505747126436933e-07
4.258108108108108267e-08,2.955405405405405453e-07
2.338888888888888965e-07,2.956666666666666805e-07
9.435249999999999999e-07,2.953250000000000058e-07
1.274851351351351266e-06,2.955675675675675629e-07
1.420413793103448498e-06,2.954712643678161337e-07
1.484454545454545518e-06,2.955454545454545919e-07
4.573239436619718434e-07,2.958028169014084782e-07
7.251500000000000579e-07,2.956499999999999773e-07
8.475394736842105287e-07,2.963947368421052769e-07
9.032763157894737225e-07,2.962236842105263445e-07
1.090321428571428732e-06,2.961904761904762033e-07
1.130720000000000162e-06,2.952799999999999812e-07
1.235333333333333251e-06,2.962833333333333758e-07
1.379792682926829417e-06,2.968292682926829539e-07
2.882564102564102822e-07,2.971794871794871916e-07
3.560000000000000114e-07,2.972923076923077034e-07
5.811333333333333358e-07,2.964833333333333908e-07
6.363333333333334595e-07,2.969444444444444719e-07
7.644545454545455296e-07,2.974025974025974070e-07
1.050068965517241394e-06,2.974367816091954310e-07
5.841891891891892176e-08,2.985405405405405590e-07
7.368354430379747227e-08,2.992784810126582318e-07
4.425064935064935089e-07,2.984805194805195013e-07
5.117166666666667126e-07,2.978999999999999875e-07
8.040806451612903675e-07,2.978548387096774598e-07
1.009104651162790667e-06,2.992093023255814122e-07
1.155870588235294161e-06,2.985764705882352888e-07
1.340382716049382757e-06,2.987407407407407659e-07
1.446444444444444435e-06,2.985555555555555864e-07
2.195063291139240613e-07,2.999367088607595336e-07
2.732967032967033032e-07,3.003406593406593498e-07
7.109687500000000909e-07,2.990624999999999954e-07
9.694625000000001222e-07,2.997875000000000499e-07
1.300619047619047723e-06,2.997976190476190440e-07
1.510634146341463518e-06,2.995853658536585112e-07
8.863291139240506437e-08,3.003670886075949514e-07
1.632068965517241285e-07,3.004310344827586358e-07
3.420181818181818476e-07,2.996363636363636677e-07
4.972098765432098691e-07,3.010987654320988063e-07
8.885138888888890028e-07,3.000972222222222454e-07
9.292857142857143730e-07,3.007142857142857619e-07
1.115936708860759482e-06,3.002405063291139399e-07
1.181576923076923170e-06,3.011153846153846530e-07
1.221200000000000056e-06,3.012210526315789977e-07
1.406333333333333393e-06,3.007564102564103214e-07
1.037741935483871149e-07,3.012258064516129647e-07
1.486857142857143050e-07,3.018857142857143004e-07
6.213698630136985782e-07,3.007671232876712407e-07
6.956891891891891770e-07,3.009729729729729910e-07
8.320000000000000386e-07,3.018125000000000432e-07
1.076354430379746949e-06,3.018354430379747053e-07
1.260459016393442810e-06,3.008852459016393607e-07
7.512037037037037386e-07,3.016296296296296189e-07
1.035900000000000111e-06,3.028714285714285996e-07
1.335061728395061791e-07,3.040617283950617311e-07
2.588181818181818437e-07,3.039431818181818458e-07
3.276493506493506745e-07,3.030779220779221251e-07
4.285600000000000206e-07,3.020200000000000005e-07
4.822500000000000203e-07,3.040000000000000222e-07
5.519066666666667038e-07,3.036800000000000300e-07
6.806250000000000479e-07,3.023750000000000060e-07
7.899041095890411395e-07,3.029041095890410800e-07
9.944999999999999651e-07,3.039390243902439214e-07
1.141499999999999998e-06,3.041190476190476074e-07
1.326105882352941105e-06,3.040941176470588684e-07
1.365869565217391374e-06,3.029710144927536264e-07
4.147343750000000499e-07,3.036249999999999941e-07
6.069558823529412858e-07,3.046029411764706215e-07
8.724615384615385509e-07,3.043076923076923368e-07
9.551445783132530054e-07,3.045542168674698981e-07
1.286333333333333271e-06,3.048850574712643975e-07
1.432166666666666832e-06,3.047361111111111240e-07
5.662337662337662486e-09,3.048571428571428682e-07
7.355000000000000943e-07,3.058205128205128479e-07
9.143918918918919194e-07,3.053108108108108528e-07
1.101841463414634207e-06,3.057073170731707402e-07
1.246701298701298927e-06,3.055194805194805074e-07
1.391939024390244029e-06,3.059390243902439128e-07
1.496594936708860957e-06,3.058101265822784965e-07
2.440135135135135232e-07,3.067432432432432627e-07
3.129130434782608893e-07,3.060144927536232270e-07
4.673636363636364109e-07,3.065974025974026017e-07
6.610704225352112922e-07,3.058028169014084883e-07
8.175584415584416547e-07,3.066103896103896754e-07
1.061517647058823559e-06,3.068823529411764914e-07
1.207231884057971037e-06,3.066956521739130864e-07
2.021621621621621741e-08,3.073783783783783883e-07
1.896153846153846141e-07,3.061730769230769009e-07
3.830000000000000282e-07,3.075000000000000205e-07
5.374691358024691610e-07,3.072962962962963231e-07
5.922187500000000632e-07,3.071718750000000422e-07
7.757000000000000440e-07,3.069142857142857513e-07
8.574819277108434181e-07,3.079397590361445528e-07
1.351649350649350897e-06,3.078181818181818193e-07
1.458121621621621850e-06,3.072837837837838267e-07
3.543055555555555794e-08,3.086666666666667042e-07
2.980571428571428867e-07,3.079571428571428893e-07
6.462500000000000594e-07,3.081625000000000438e-07
1.020013513513513696e-06,3.085270270270270603e-07
1.127637500000000094e-06,3.093000000000000498e-07
1.167050000000000117e-06,3.079500000000000014e-07
1.522852272727272803e-06,3.086931818181818321e-07
3.683246753246753222e-07,3.092727272727272531e-07
4.529473684210526905e-07,3.095000000000000119e-07
5.223421052631579067e-07,3.096842105263158097e-07
7.205411764705882085e-07,3.098352941176470555e-07
9.797972972972973024e-07,3.095540540540541001e-07
1.272181818181818353e-06,3.098571428571428732e-07
1.311936708860759384e-06,3.093291139240506782e-07
2.293636363636363973e-07,3.105844155844156166e-07
2.834197530864197376e-07,3.111975308641975612e-07
8.985657894736841735e-07,3.105131578947368466e-07
9.399529411764707091e-07,3.104235294117647249e-07
1.232341772151898794e-06,3.108227848101265710e-07
1.417529411764705841e-06,3.104470588235294232e-07
1.482211111111111389e-06,3.108666666666667107e-07
4.987142857142857747e-08,3.110000000000000187e-07
6.521348314606742523e-08,3.118089887640449662e-07
6.315769230769231416e-07,3.115256410256410649e-07
7.611052631578947097e-07,3.116184210526315801e-07
8.014533333333333922e-07,3.123466666666666948e-07
1.047305882352941123e-06,3.121647058823529820e-07
1.087714285714285755e-06,3.112857142857143184e-07
1.377437500000000015e-06,3.115250000000000053e-07
9.510112359550562208e-08,3.133707865168539445e-07
3.535942028985507893e-07,3.121884057971014430e-07
4.379736842105263532e-07,3.127500000000000443e-07
7.045185185185185597e-07,3.128148148148148836e-07
8.424794520547945429e-07,3.125616438356164439e-07
1.153402298850574726e-06,3.131954022988506099e-07
1.193281250000000036e-06,3.122343750000000255e-07
7.998387096774194662e-08,3.126451612903225608e-07
5.076029411764706261e-07,3.130735294117647123e-07
1.006294871794871951e-06,3.136153846153846392e-07
1.337712500000000154e-06,3.135375000000000241e-07
1.444120689655172416e-06,3.127413793103448311e-07
2.146363636363636344e-07,3.136666666666667093e-07
3.388769230769230684e-07,3.142307692307692683e-07
6.170439560439561152e-07,3.150989010989010952e-07
8.837894736842106051e-07,3.139078947368420806e-07
9.659848484848484701e-07,3.143787878787878755e-07
1.258308641975308665e-06,3.147037037037037144e-07
1.297881578947368426e-06,3.144736842105263392e-07
1.508924050632911345e-06,3.146582278481012813e-07
2.688923076923076873e-07,3.148000000000000395e-07
4.233600000000000534e-07,3.152533333333333399e-07
4.924605263157895589e-07,3.153157894736842415e-07
6.895942028985508334e-07,3.152753623188405775e-07
7.461625000000000748e-07,3.154625000000000099e-07
1.113884057971014555e-06,3.150144927536232149e-07
1.178611111111111238e-06,3.156805555555555495e-07
1.218345454545454464e-06,3.153636363636363733e-07
1.403345679012345901e-06,3.155432098765432301e-07
1.095254237288135735e-07,3.160677966101694971e-07
1.251875000000000084e-07,3.162375000000000152e-07
5.617931034482758123e-07,3.153103448275862483e-07
6.723666666666667118e-07,3.158166666666666591e-07
8.276543209876543167e-07,3.171604938271605525e-07
1.072500000000000108e-06,3.161379310344827472e-07
1.468462500000000130e-06,3.168875000000000111e-07
1.407534246575342525e-07,3.170547945205479852e-07
1.700000000000000135e-07,3.170000000000000460e-07
1.990606060606060660e-07,3.172575757575757475e-07
3.234230769230769263e-07,3.176025641025641178e-07
4.084102564102564552e-07,3.175000000000000306e-07
5.475189873417721825e-07,3.181392405063290961e-07
6.020229885057471466e-07,3.182183908045976914e-07
7.870212765957446743e-07,3.176702127659574812e-07
1.033130434782608865e-06,3.175652173913044110e-07
1.363760563380281749e-06,3.172957746478873340e-07
2.538481012658227684e-07,3.183037974683544745e-07
3.929722222222222349e-07,3.183750000000000434e-07
4.776119402985075359e-07,3.185970149253731470e-07
8.683205128205128621e-07,3.185384615384615657e-07
9.913333333333333428e-07,3.185057471264368087e-07
1.139105882352941243e-06,3.186941176470588536e-07
1.323662337662337826e-06,3.190389610389610470e-07
1.429594936708861006e-06,3.191392405063291183e-07
1.133333333333333390e-08,3.194102564102564392e-07
6.553428571428572199e-07,3.191000000000000450e-07
9.098714285714287278e-07,3.196999999999999842e-07
1.243574712643678129e-06,3.205172413793103648e-07
1.283646341463414847e-06,3.196829268292683246e-07
2.638461538461538443e-08,3.206025641025641315e-07
1.840909090909090994e-07,3.199393939393939624e-07
4.629743589743589948e-07,3.208589743589743759e-07
7.321038961038961039e-07,3.203246753246753159e-07
9.505416666666666997e-07,3.204583333333333392e-07
1.099578313253012154e-06,3.204457831325301001e-07
1.388576923076923263e-06,3.206794871794872101e-07
1.494728395061728419e-06,3.205555555555555452e-07
2.389021739130434917e-07,3.220217391304348445e-07
3.093888888888889572e-07,3.203888888888889366e-07
3.782048192771084129e-07,3.214457831325301223e-07
5.323048780487805035e-07,3.214390243902439127e-07
5.866578947368420844e-07,3.219868421052631857e-07
8.136250000000000875e-07,3.210000000000000289e-07
1.059048780487804863e-06,3.216951219512195468e-07
2.950000000000000343e-07,3.226478873239436797e-07
7.722179487179488153e-07,3.222051282051282784e-07
8.536081081081081361e-07,3.222972972972972977e-07
1.203594936708860967e-06,3.226582278481013000e-07
1.349224999999999987e-06,3.226000000000000432e-07
1.454829545454545569e-06,3.224431818181818592e-07
4.109677419354838644e-08,3.226774193548387604e-07
3.629210526315789744e-07,3.236052631578947692e-07
6.410634920634921198e-07,3.223492063492063290e-07
9.772533333333334709e-07,3.236400000000000049e-07
1.016870967741935627e-06,3.227258064516129388e-07
1.164800000000000054e-06,3.233600000000000580e-07
1.309371794871794977e-06,3.239102564102564067e-07
1.520602739726027495e-06,3.235205479452054954e-07
5.640000000000000211e-08,3.237857142857143046e-07
2.242142857142857320e-07,3.246000000000000347e-07
4.477179487179487352e-07,3.239102564102564067e-07
5.174691358024692466e-07,3.242839506172839668e-07
7.177402597402597392e-07,3.245844155844156096e-07
8.940277777777778413e-07,3.249861111111111101e-07
9.360461538461538747e-07,3.246923076923076972e-07
1.125321428571428821e-06,3.242619047619048039e-07
1.269500000000000085e-06,3.245000000000000271e-07
7.138235294117646711e-08,3.249264705882353097e-07
8.622368421052631694e-08,3.258552631578947794e-07
2.800645161290322923e-07,3.252580645161290515e-07
5.715063291139240634e-07,3.259367088607595282e-07
1.085253731343283595e-06,3.259850746268657321e-07
1.229578947368421025e-06,3.256315789473684385e-07
1.414952380952381034e-06,3.253095238095237966e-07
1.480364705882352974e-06,3.258352941176470399e-07
3.483181818181818444e-07,3.260151515151515053e-07
6.265774647887324656e-07,3.260704225352112703e-07
7.575694444444445086e-07,3.262916666666667049e-07
8.385903614457832555e-07,3.269156626506024652e-07
1.044687500000000109e-06,3.271000000000000637e-07
1.375215189873417938e-06,3.264303797468354517e-07
3.338823529411765082e-07,3.284352941176470764e-07
4.334464285714285628e-07,3.272678571428571889e-07
5.030632911392404967e-07,3.272784810126582707e-07
7.981111111111111330e-07,3.271428571428571795e-07
1.002922222222222373e-06,3.281111111111110801e-07
1.150744186046511675e-06,3.280116279069767372e-07
1.009428571428571392e-07,3.280428571428571412e-07
2.084189189189189150e-07,3.283648648648648690e-07
7.030307692307692558e-07,3.279692307692308045e-07
8.793281250000000540e-07,3.283750000000000006e-07
1.295000000000000095e-06,3.287261904761904906e-07
1.335315789473684269e-06,3.283815789473684333e-07
1.440480519480519431e-06,3.286493506493506967e-07
1.166760563380281878e-07,3.288028169014084693e-07
1.320833333333333481e-07,3.295357142857143130e-07
1.615189873417721672e-07,3.292911392405063316e-07
4.185000000000000483e-07,3.295897435897436151e-07
5.570476190476191010e-07,3.291269841269841631e-07
6.117466666666666891e-07,3.293600000000000323e-07
6.658285714285714917e-07,3.295285714285714251e-07
7.430243902439024840e-07,3.300975609756098100e-07
9.210000000000000547e-07,3.293561643835616522e-07
1.110844444444444421e-06,3.297222222222222476e-07
1.190098039215686170e-06,3.282352941176471143e-07
1.255445945945946057e-06,3.297297297297297348e-07
1.400021276595744777e-06,3.300957446808510563e-07
4.881718749999999821e-07,3.301718750000000231e-07
6.881509433962265120e-07,3.298867924528302270e-07
9.612133333333334940e-07,3.306666666666667159e-07
1.466727272727272927e-07,3.307818181818182478e-07
1.937384615384615599e-07,3.310769230769231176e-07
3.195352112676056667e-07,3.318028169014084829e-07
4.036986301369863523e-07,3.318767123287671187e-07
8.243493975903615589e-07,3.314578313253012017e-07
1.030578947368421109e-06,3.323026315789473827e-07
1.070782608695652272e-06,3.308840579710145445e-07
1.360829268292682952e-06,3.318292682926829365e-07
1.465933333333333424e-06,3.316933333333333468e-07
1.690816326530612179e-08,3.334795918367347117e-07
2.500547945205479808e-07,3.323150684931507379e-07
3.877727272727272745e-07,3.321212121212121498e-07
5.422962962962963495e-07,3.327654320987654521e-07
7.834366197183099296e-07,3.324788732394366379e-07
8.642236842105264014e-07,3.327763157894737424e-07
9.884285714285714820e-07,3.331785714285714876e-07
1.214766666666666804e-06,3.320333333333333618e-07
1.531400000000000279e-06,3.325000000000000458e-07
2.701754385964912485e-09,3.328947368421052662e-07
3.045000000000000069e-07,3.338750000000000433e-07
5.974342105263158816e-07,3.331315789473684725e-07
6.511428571428571161e-07,3.333571428571428388e-07
9.059714285714285407e-07,3.337142857142857530e-07
1.136493827160493890e-06,3.339382716049382909e-07
1.175500000000000011e-06,3.330882352941176623e-07
1.320654320987654403e-06,3.337654320987654214e-07
3.258108108108108577e-08,3.345000000000000373e-07
7.284827586206896713e-07,3.344137931034482756e-07
1.280589743589743753e-06,3.343076923076923672e-07
1.426207317073170907e-06,3.344512195121951142e-07
1.492500000000000110e-06,3.351190476190476070e-07
4.733333333333334028e-08,3.356800000000000518e-07
3.732500000000000368e-07,3.355000000000000065e-07
5.273417721518986615e-07,3.351518987341772250e-07
9.465243902439025262e-07,3.352317073170731945e-07
1.014770270270270373e-06,3.368783783783783811e-07
1.096632911392405025e-06,3.353670886075949869e-07
1.241100000000000069e-06,3.353249999999999934e-07
6.239534883720931287e-08,3.371627906976744553e-07
2.354800000000000148e-07,3.365600000000000438e-07
2.894024390243902515e-07,3.365731707317073074e-07
4.585573770491803863e-07,3.356065573770491758e-07
5.822439024390244004e-07,3.363658536585365963e-07
8.093783783783783571e-07,3.365000000000000287e-07
8.497534246575342353e-07,3.366438356164384087e-07
1.056433734939759057e-06,3.365060240963855898e-07
1.385930232558139567e-06,3.365581395348837466e-07
6.362972972972973301e-07,3.369054054054054517e-07
7.689565217391303772e-07,3.369420289855072661e-07
1.201193181818181916e-06,3.373636363636363850e-07
1.346657894736842114e-06,3.373552631578947434e-07
1.452231707317073204e-06,3.375365853658536902e-07
2.193711340206185777e-07,3.390309278350515737e-07
3.583384615384615912e-07,3.375692307692307846e-07
4.438484848484849210e-07,3.380606060606060798e-07
5.125432098765432604e-07,3.384814814814815022e-07
9.738965517241379838e-07,3.379482758620689680e-07
1.161874999999999993e-06,3.384062500000000263e-07
1.306170731707317305e-06,3.385000000000000202e-07
1.518835820895522504e-06,3.384477611940298844e-07
7.715151515151516498e-08,3.389393939393939605e-07
9.197727272727274325e-08,3.402613636363636493e-07
6.761692307692308123e-07,3.397538461538461542e-07
9.315769230769231281e-07,3.394358974358974680e-07
1.122457831325301178e-06,3.392891566265060385e-07
1.266081081081081087e-06,3.395945945945946040e-07
2.748787878787878725e-07,3.399696969696970313e-07
4.976385542168675365e-07,3.412048192771084390e-07
7.546567164179105527e-07,3.406268656716418153e-07
1.411784946236559151e-06,3.406451612903225997e-07
1.478519480519480701e-06,3.406493506493506983e-07
1.070972222222222377e-07,3.415833333333333381e-07
4.290246913580247160e-07,3.413456790123456822e-07
6.220625000000000687e-07,3.408437500000000242e-07
7.949249999999999531e-07,3.413999999999999733e-07
8.352650602409638944e-07,3.417108433734939847e-07
1.042195121951219626e-06,3.415000000000000338e-07
1.227027777777777978e-06,3.409027777777777902e-07
1.371829268292682932e-06,3.420731707317073500e-07
1.226666666666666798e-07,3.423456790123457044e-07
3.289428571428571559e-07,3.425714285714285647e-07
1.000180722891566259e-06,3.424939759036144949e-07
1.187148148148148171e-06,3.424691358024691221e-07
1.331848484848484773e-06,3.427121212121212375e-07
1.381125000000000266e-07,3.433125000000000376e-07
1.677625000000000042e-07,3.433250000000000121e-07
1.823750000000000168e-07,3.427656250000000031e-07
2.040606060606060711e-07,3.429696969696970449e-07
2.603793103448275807e-07,3.432931034482759137e-07
5.523454545454546150e-07,3.434727272727273344e-07
6.615476190476191169e-07,3.438571428571428336e-07
7.013835616438356176e-07,3.436575342465753636e-07
9.173289473684210711e-07,3.440526315789473655e-07
1.148157142857142962e-06,3.428857142857143102e-07
1.292282352941176461e-06,3.437058823529412016e-07
1.438043956043956174e-06,3.439230769230769312e-07
1.527671232876712389e-07,3.442465753424657890e-07
4.142394366197183691e-07,3.439436619718310102e-07
4.829859154929578399e-07,3.439577464788732469e-07
6.076478873239437039e-07,3.445915492957746917e-07
7.404473684210526908e-07,3.448289473684210467e-07
9.575641025641025125e-07,3.454102564102564337e-07
1.108544303797468329e-06,3.444556962025316722e-07
1.252090909090909081e-06,3.451688311688311970e-07
1.504014084507042363e-06,3.441408450704225355e-07
7.943820224719101918e-09,3.461348314606741592e-07
1.069057971014492910e-06,3.458985507246377201e-07
1.397586666666666690e-06,3.456800000000000090e-07
2.460140845070422425e-07,3.470000000000000235e-07
3.993243243243243299e-07,3.464324324324324948e-07
4.680253164556962531e-07,3.467341772151898783e-07
5.370857142857143418e-07,3.467714285714285626e-07
8.207972972972973212e-07,3.463648648648648449e-07
8.606976744186046395e-07,3.469302325581395937e-07
1.212843373493975804e-06,3.465060240963855470e-07
1.357810810810810834e-06,3.464324324324324948e-07
1.464095890410959006e-06,3.468356164383562060e-07
2.278378378378378382e-08,3.472972972972973231e-07
2.998139534883721209e-07,3.479767441860465161e-07
5.930533333333332996e-07,3.473466666666667303e-07
7.808030303030302556e-07,3.472121212121212050e-07
8.999318181818182322e-07,3.474886363636364046e-07
9.844157303370788180e-07,3.482134831460674447e-07
1.028351351351351381e-06,3.469459459459459353e-07
1.173279069767441965e-06,3.481046511627907167e-07
1.530386666666666926e-06,3.472133333333333164e-07
3.806349206349206716e-08,3.484761904761904921e-07
3.843714285714285817e-07,3.485000000000000303e-07
6.466575342465754166e-07,3.477671232876712248e-07
1.134394736842105184e-06,3.484342105263158092e-07
1.277690476190476145e-06,3.489523809523809914e-07
1.318472972972972937e-06,3.484189189189189245e-07
5.308974358974359428e-08,3.493717948717949038e-07
5.226935483870968991e-07,3.490645161290322881e-07
6.869122807017544224e-07,3.490526315789473706e-07
9.425189873417722123e-07,3.496455696202531945e-07
1.094373493975903654e-06,3.496987951807228812e-07
1.423888888888889044e-06,3.493827160493827368e-07
1.490506024096385574e-06,3.499638554216867763e-07
6.824691358024691491e-08,3.506790123456789933e-07
3.692753623188406110e-07,3.507826086956522307e-07
6.323896103896104610e-07,3.514025974025974406e-07
8.062400000000000514e-07,3.509733333333333977e-07
1.054733333333333447e-06,3.510133333333333372e-07
1.238471264367816041e-06,3.506436781609195539e-07
2.310428571428571594e-07,3.517857142857142906e-07
2.849764705882353259e-07,3.513294117647058885e-07
5.779879518072289977e-07,3.515301204819277436e-07
7.666666666666667026e-07,3.509523809523809829e-07
8.461527777777778973e-07,3.515694444444444995e-07
1.011518072289156602e-06,3.520240963855422201e-07
1.198595238095238198e-06,3.520476190476190520e-07
1.344238636363636274e-06,3.514545454545454710e-07
1.384081395348837358e-06,3.514418604651163260e-07
8.328947368421052436e-08,3.526315789473684552e-07
4.389642857142857724e-07,3.524285714285714515e-07
5.081617647058823830e-07,3.525294117647058728e-07
9.697250000000000625e-07,3.527749999999999809e-07
1.158855072463768015e-06,3.525652173913043935e-07
1.450144578313253137e-06,3.525542168674699044e-07
1.516112500000000004e-06,3.526500000000000244e-07
9.861249999999999711e-08,3.539624999999999907e-07
2.701111111111111167e-07,3.543666666666666965e-07
3.543333333333333431e-07,3.527777777777777824e-07
7.128732394366198619e-07,3.535211267605633904e-07
8.857727272727272604e-07,3.528030303030303406e-07
1.119779069767441969e-06,3.541744186046512267e-07
1.303452054794520744e-06,3.533698630136986666e-07
1.136081081081081140e-07,3.543513513513513548e-07
2.165714285714286011e-07,3.549090909090909492e-07
5.630128205128206090e-07,3.546923076923077276e-07
6.720526315789474438e-07,3.541754385964912761e-07
7.522941176470588716e-07,3.549529411764705926e-07
1.080250000000000160e-06,3.546842105263158023e-07
1.263687500000000045e-06,3.543500000000000463e-07
1.288648648648648892e-07,3.556621621621622383e-07
3.393950617283950367e-07,3.553209876543210552e-07
4.238192771084337338e-07,3.553614457831325446e-07
4.935138888888889731e-07,3.556944444444444917e-07
6.177200000000000548e-07,3.553066666666667036e-07
7.918656716417911228e-07,3.557910447761194153e-07
8.317840909090909363e-07,3.562500000000000302e-07
1.224093333333333423e-06,3.558666666666667034e-07
1.411000000000000128e-06,3.547777777777777738e-07
1.475847058823529416e-06,3.556823529411765049e-07
1.437272727272727401e-07,3.569870129870130128e-07
1.736233766233766303e-07,3.570649350649350849e-07
1.884142857142857159e-07,3.558571428571428351e-07
5.473076923076923289e-07,3.568769230769230972e-07
8.716951219512196278e-07,3.567195121951219909e-07
1.040794520547945272e-06,3.562328767123288323e-07
1.330031578947368406e-06,3.570736842105263633e-07
1.586111111111111307e-07,3.575833333333333225e-07
2.555232558139535079e-07,3.581279069767442564e-07
9.111805555555556078e-07,3.578194444444444926e-07
1.184404761904761899e-06,3.573214285714285611e-07
1.369894736842105301e-06,3.573157894736842205e-07
2.025400000000000124e-07,3.574000000000000107e-07
3.244729729729730095e-07,3.581081081081081262e-07
4.092432432432432342e-07,3.582297297297297584e-07
4.788987341772152210e-07,3.582151898734177647e-07
6.026419753086420434e-07,3.583580246913580518e-07
6.567605633802817846e-07,3.580563380281690555e-07
9.962631578947369619e-07,3.571403508771930173e-07
1.105675324675324668e-06,3.595064935064935201e-07
1.289321839080459879e-06,3.583678160919540200e-07
1.436538461538461598e-06,3.582500000000000216e-07
1.502397260273972615e-06,3.587534246575342988e-07
7.378783783783783852e-07,3.592567567567567982e-07
1.249481927710843434e-06,3.600602409638554467e-07
1.484210526315789695e-08,3.593684210526315676e-07
2.915068493150685086e-08,3.603972602739726327e-07
3.095000000000000119e-07,3.600882352941176262e-07
3.939705882352941479e-07,3.600588235294117665e-07
8.174642857142856742e-07,3.610000000000000165e-07
9.535312500000000238e-07,3.595781250000000222e-07
1.066410256410256392e-06,3.605000000000000319e-07
1.355613636363636440e-06,3.613977272727272517e-07
1.395797101449275391e-06,3.599855072463768340e-07
4.451764705882353178e-08,3.616588235294118338e-07
4.632954545454545951e-07,3.614204545454545647e-07
5.331875000000000090e-07,3.613125000000000135e-07
6.427972972972972891e-07,3.618108108108108625e-07
8.571029411764706256e-07,3.615882352941176330e-07
1.210107142857143063e-06,3.614523809523809776e-07
1.462105882352941158e-06,3.613882352941176709e-07
5.948192771084337298e-08,3.629397590361445556e-07
2.948591549295775086e-07,3.623521126760563264e-07
3.791803278688525222e-07,3.626229508196722027e-07
8.966144578313254105e-07,3.625060240963855844e-07
1.027500000000000115e-06,3.613870967741935496e-07
1.170374999999999996e-06,3.629886363636364044e-07
1.527863636363636358e-06,3.621363636363636516e-07
7.422077922077922278e-08,3.642987012987013506e-07
4.485857142857143104e-07,3.634857142857142696e-07
5.187297297297297464e-07,3.630945945945946225e-07
5.884062500000000680e-07,3.629218750000000484e-07
7.232784810126582698e-07,3.638860759493670880e-07
9.810461538461539733e-07,3.628769230769230715e-07
1.316126984126984253e-06,3.631746031746031998e-07
1.421473684210526339e-06,3.636052631578947568e-07
7.628421052631579758e-07,3.650394736842105426e-07
9.363521126760563576e-07,3.639859154929577934e-07
1.091353658536585284e-06,3.643170731707317122e-07
1.131014084507042292e-06,3.640422535211267931e-07
1.275354430379746864e-06,3.644683544303797619e-07
1.487892857142857194e-06,3.646666666666667292e-07
8.936842105263158510e-08,3.656973684210527001e-07
2.259821428571428716e-07,3.650714285714285610e-07
2.804545454545454308e-07,3.655454545454546099e-07
3.492469135802469562e-07,3.663209876543210346e-07
4.337682926829268225e-07,3.664024390243902660e-07
5.739882352941177085e-07,3.657176470588235360e-07
6.280657894736841799e-07,3.658026315789473584e-07
8.031794871794872491e-07,3.655000000000000369e-07
1.052271604938271717e-06,3.658518518518518780e-07
1.235460526315789370e-06,3.656315789473684790e-07
5.034210526315789421e-07,3.667236842105263471e-07
8.429305555555555624e-07,3.661805555555555848e-07
8.828494623655914917e-07,3.666989247311828043e-07
1.195893333333333422e-06,3.667733333333333142e-07
1.341197674418604740e-06,3.672093023255814388e-07
1.381219178082191960e-06,3.662739726027397174e-07
1.040526315789473737e-07,3.670000000000000437e-07
1.196800000000000235e-07,3.680799999999999978e-07
9.220617283950617857e-07,3.678024691358025235e-07
9.651692307692309252e-07,3.677538461538461931e-07
1.013697368421052573e-06,3.672236842105263318e-07
1.447818181818181863e-06,3.672337662337662600e-07
1.514098765432098935e-06,3.678888888888889582e-07
2.106533333333333429e-07,3.684800000000000279e-07
6.676933333333334438e-07,3.681600000000000356e-07
7.089452054794520700e-07,3.686438356164383776e-07
1.156426229508196705e-06,3.681803278688524899e-07
1.300462686567164198e-06,3.680597014925373262e-07
1.407394736842105365e-06,3.684736842105263198e-07
1.354035087719298459e-07,3.691403508771930189e-07
1.952575757575757668e-07,3.697727272727272986e-07
2.657215189873417585e-07,3.693037974683544944e-07
3.343506493506493506e-07,3.694805194805194886e-07
4.193207547169811571e-07,3.689433962264150873e-07
4.886951219512195467e-07,3.695243902439024284e-07
6.131829268292682462e-07,3.695975609756098129e-07
7.487875000000001132e-07,3.694250000000000142e-07
1.077414634146341656e-06,3.700853658536585139e-07
1.261394736842105196e-06,3.698026315789473413e-07
1.672153846153846253e-07,3.707538461538461538e-07
7.890877192982456125e-07,3.702631578947368357e-07
1.221513157894737050e-06,3.704342105263158210e-07
1.474130434782608751e-06,3.703478260869565408e-07
6.451612903225806186e-09,3.707741935483871235e-07
1.500882352941176516e-07,3.707205882352941482e-07
3.194545454545454491e-07,3.720519480519480792e-07
5.435000000000000691e-07,3.717560975609756454e-07
8.285333333333333938e-07,3.710533333333333498e-07
8.681095890410959746e-07,3.713424657534246729e-07
1.038112500000000092e-06,3.716500000000000225e-07
2.508809523809523728e-07,3.722619047619047573e-07
4.049610389610390303e-07,3.723376623376623259e-07
4.735125000000000256e-07,3.723874999999999985e-07
6.531690140845070891e-07,3.721267605633802848e-07
6.945194805194805628e-07,3.729090909090909781e-07
9.078493150684932776e-07,3.724931506849315013e-07
9.994507042253520888e-07,3.719577464788732329e-07
1.182085365853658479e-06,3.724268292682927018e-07
1.327126760563380300e-06,3.720422535211268118e-07
2.066101694915254366e-08,3.724406779661017311e-07
3.897901234567901723e-07,3.743580246913580363e-07
5.983561643835616919e-07,3.728767123287671285e-07
7.345061728395061742e-07,3.739382716049382785e-07
1.142410256410256384e-06,3.735000000000000027e-07
1.286597560975609726e-06,3.735731707317073343e-07
3.526923076923077097e-08,3.742435897435897275e-07
3.047460317460317605e-07,3.738888888888889326e-07
7.744871794871795025e-07,3.744743589743589634e-07
9.469545454545455822e-07,3.742424242424242704e-07
1.102156250000000125e-06,3.739375000000000091e-07
1.246890109890109961e-06,3.750000000000000095e-07
1.393827160493827358e-06,3.746543209876543764e-07
1.433566037735849142e-06,3.734528301886792304e-07
1.499354838709677518e-06,3.738225806451613155e-07
5.035616438356164204e-08,3.754383561643835758e-07
2.361714285714285913e-07,3.750428571428571783e-07
5.285000000000000010e-07,3.753783783783784149e-07
8.139411764705883434e-07,3.756176470588235386e-07
1.207235294117647137e-06,3.762941176470588399e-07
1.353183908045977041e-06,3.763448275862069195e-07
6.541666666666668003e-08,3.765238095238095545e-07
2.901410256410256293e-07,3.764358974358974949e-07
3.744666666666666714e-07,3.763733333333333472e-07
4.589074074074074308e-07,3.755185185185185650e-07
5.837027027027027417e-07,3.766081081081081397e-07
8.534366197183098947e-07,3.764225352112676087e-07
9.846710526315789932e-07,3.767500000000000351e-07
1.064067796610169683e-06,3.757796610169491641e-07
1.459463414634146479e-06,3.764512195121951462e-07
8.045333333333334171e-08,3.777200000000000762e-07
3.594347826086956293e-07,3.770579710144927482e-07
5.138552631578946629e-07,3.773815789473684618e-07
8.937031250000000222e-07,3.769843750000000196e-07
9.324390243902440237e-07,3.781097560975609941e-07
1.024307692307692378e-06,3.768153846153846758e-07
1.167837209302325588e-06,3.776046511627907096e-07
1.525354838709677354e-06,3.770161290322580957e-07
2.211785714285714376e-07,3.786071428571428503e-07
4.439661016949152687e-07,3.775593220338983409e-07
6.781515151515151468e-07,3.780606060606060674e-07
7.200963855421687547e-07,3.784578313253011858e-07
1.128549999999999978e-06,3.788375000000000066e-07
1.272679012345679017e-06,3.791975308641975348e-07
1.420499999999999994e-06,3.785000000000000078e-07
1.485483146067415844e-06,3.795280898876405148e-07
9.575757575757575597e-08,3.789242424242424767e-07
1.104729729729729726e-07,3.799864864864865587e-07
5.689571428571429632e-07,3.798571428571428383e-07
7.599759036144578905e-07,3.794457831325301387e-07
8.000632911392405754e-07,3.802151898734177764e-07
1.088845238095238105e-06,3.794404761904762109e-07
2.758500000000000249e-07,3.801500000000000258e-07
4.295679012345679445e-07,3.808395061728395302e-07
6.237325581395349160e-07,3.803953488372093281e-07
1.049797619047619169e-06,3.812500000000000026e-07
1.232714285714285849e-06,3.811168831168831184e-07
1.379166666666666873e-06,3.807361111111111163e-07
1.255974025974026088e-07,3.819610389610389964e-07
3.447162162162162412e-07,3.809324324324324927e-07
4.982567567567568121e-07,3.812297297297297394e-07
8.392328767123288560e-07,3.812465753424657630e-07
9.706712328767124703e-07,3.810410958904110176e-07
1.010407894736842157e-06,3.818684210526315639e-07
1.193397260273972482e-06,3.817534246575342797e-07
1.338531645569620228e-06,3.813417721518987571e-07
1.445421052631578986e-06,3.817236842105263094e-07
1.405374999999999970e-07,3.823000000000000285e-07
1.766785714285714295e-07,3.819642857142857252e-07
2.066794871794871951e-07,3.827051282051282709e-07
6.633442622950820438e-07,3.821967213114754402e-07
7.052941176470588346e-07,3.832941176470588894e-07
8.785616438356164564e-07,3.823561643835616635e-07
1.153372093023255852e-06,3.828720930232558276e-07
1.298645569620253182e-06,3.825316455696202964e-07
1.511304878048780575e-06,3.824634146341463513e-07
2.612236842105263090e-07,3.836973684210526759e-07
3.301095890410958952e-07,3.837671232876712295e-07
9.182567567567568142e-07,3.827297297297297462e-07
1.405675000000000098e-06,3.834125000000000327e-07
1.558000000000000319e-07,3.845692307692308217e-07
4.147142857142857504e-07,3.839714285714286045e-07
4.835000000000000083e-07,3.837500000000000316e-07
6.089444444444445128e-07,3.840972222222222564e-07
7.455584415584416453e-07,3.839740259740259558e-07
7.854533333333334607e-07,3.845466666666667193e-07
1.074875000000000021e-06,3.847916666666667059e-07
1.114162499999999982e-06,3.845375000000000643e-07
1.258530864197531092e-06,3.847777777777778042e-07
1.143661971830986088e-08,3.847323943661972050e-07
5.389859154929577061e-07,3.859154929577465158e-07
8.247272727272728162e-07,3.857662337662337726e-07
9.563623188405797868e-07,3.853768115942028767e-07
1.471397260273972615e-06,3.854794520547945668e-07
2.601408450704225443e-08,3.860422535211268048e-07
1.917777777777777833e-07,3.860793650793650809e-07
2.465657894736842115e-07,3.866184210526316031e-07
4.000000000000000348e-07,3.865000000000000264e-07
4.688902439024390597e-07,3.866707317073170982e-07
6.494931506849315068e-07,3.869315068493150606e-07
8.642297297297297631e-07,3.865810810810811322e-07
9.959285714285714102e-07,3.865357142857143073e-07
1.035218390804597719e-06,3.863448275862069296e-07
1.179166666666666882e-06,3.872380952380952872e-07
1.218547169811320943e-06,3.852452830188679506e-07
1.365583333333333402e-06,3.865138888888889281e-07
3.155774647887324468e-07,3.868309859154929591e-07
6.909275362318840199e-07,3.872318840579710000e-07
1.431701298701298850e-06,3.876363636363636616e-07
4.096774193548387321e-08,3.874354838709677755e-07
3.005072463768116571e-07,3.878985507246376991e-07
3.845405405405405614e-07,3.885000000000000179e-07
5.943194444444445258e-07,3.883333333333333563e-07
7.312875000000000690e-07,3.886125000000000528e-07
1.139739130434782575e-06,3.884347826086956375e-07
1.284530864197530928e-06,3.883456790123457193e-07
1.497325000000000102e-06,3.882875000000000284e-07
2.320000000000000128e-07,3.900232558139535013e-07
5.233800000000000186e-07,3.887400000000000253e-07
7.712374999999999999e-07,3.893000000000000251e-07
9.421153846153847415e-07,3.900000000000000247e-07
1.244609756097560978e-06,3.899146341463415153e-07
1.391355263157894943e-06,3.896578947368421071e-07
7.137974683544304807e-08,3.900000000000000247e-07
2.856883116883117051e-07,3.908571428571428706e-07
6.343513513513514268e-07,3.903378378378378507e-07
8.105000000000000115e-07,3.903333333333333478e-07
1.021357142857142964e-06,3.912738095238095509e-07
1.100016129032258204e-06,3.896451612903225753e-07
1.457256756756756651e-06,3.911081081081081703e-07
4.401162790697674583e-07,3.917674418604651445e-07
5.093943661971831748e-07,3.914084507042253872e-07
8.500000000000000145e-07,3.910714285714285556e-07
9.817916666666667181e-07,3.915694444444444871e-07
1.060518518518518518e-06,3.909814814814814760e-07
1.204493670886076064e-06,3.910632911392405526e-07
1.351024691358024899e-06,3.915555555555555854e-07
1.523056338028169019e-06,3.913943661971831505e-07
1.014000000000000080e-07,3.924800000000000310e-07
3.552253521126760409e-07,3.918591549295774905e-07
5.799324324324324086e-07,3.921351351351351571e-07
6.744266666666666125e-07,3.924800000000000310e-07
8.892173913043479144e-07,3.924347826086956734e-07
1.165342105263157934e-06,3.923157894736842560e-07
1.310052631578947413e-06,3.914561403508772175e-07
1.164137931034482823e-07,3.938160919540229725e-07
2.169571428571428818e-07,3.932000000000000004e-07
7.163150684931506824e-07,3.930136986301370496e-07
1.086316666666666577e-06,3.934666666666666695e-07
1.125925925925926032e-06,3.938888888888889528e-07
1.270620253164556952e-06,3.940632911392405133e-07
1.417666666666666801e-06,3.934102564102564400e-07
6.195952380952381084e-07,3.948452380952381109e-07
7.565512820512821009e-07,3.940384615384615734e-07
9.277042253521126573e-07,3.946901408450704521e-07
1.337369047619047837e-06,3.960357142857142799e-07
1.483082191780821993e-06,3.944383561643835739e-07
1.456235294117647051e-07,3.961294117647059191e-07
2.704999999999999936e-07,3.946285714285714456e-07
3.405000000000000116e-07,3.949473684210526741e-07
4.252307692307692431e-07,3.953589743589744144e-07
4.935263157894737492e-07,3.947192982456140623e-07
5.649180327868852040e-07,3.953278688524590161e-07
7.963770491803278920e-07,3.950819672131147631e-07
8.355499999999999877e-07,3.960874999999999791e-07
9.677837837837837391e-07,3.958648648648648580e-07
1.046940476190476279e-06,3.958809523809524139e-07
1.376939393939394017e-06,3.951515151515151670e-07
2.684210526315789521e-09,3.967543859649122732e-07
1.309677419354838850e-07,3.956290322580645607e-07
2.027323943661971899e-07,3.966760563380282069e-07
5.490000000000000588e-07,3.961016949152542619e-07
8.749871794871795355e-07,3.966794871794872024e-07
1.007000000000000057e-06,3.966375000000000204e-07
1.190584415584415662e-06,3.968181818181818354e-07
1.230842105263157984e-06,3.962500000000000178e-07
1.443687500000000016e-06,3.966375000000000204e-07
2.562738095238095200e-07,3.981666666666667049e-07
3.257066666666666503e-07,3.980266666666666521e-07
4.105844155844156121e-07,3.978571428571428671e-07
4.790273972602740104e-07,3.975890410958904467e-07
6.600641025641026080e-07,3.968974358974359340e-07
7.013066666666667049e-07,3.979333333333333364e-07
1.150918604651162723e-06,3.976279069767442594e-07
1.296141304347826116e-06,3.976847826086956443e-07
1.509171875000000032e-06,3.970937500000000150e-07
1.722727272727272903e-08,3.976363636363636717e-07
1.599827586206896563e-07,3.978275862068965730e-07
1.739104477611940531e-07,3.980298507462687000e-07
6.051449275362319519e-07,3.984782608695652346e-07
7.421794871794872191e-07,3.986153846153846724e-07
1.403720000000000131e-06,3.982799999999999903e-07
3.243421052631579205e-08,3.994868421052631848e-07
7.820384615384615537e-07,3.992692307692308143e-07
9.533975903614457868e-07,4.000843373493975729e-07
1.111433734939759165e-06,3.992409638554217162e-07
1.256299999999999940e-06,3.993625000000000134e-07
1.468695121951219693e-06,4.002804878048780246e-07
4.743421052631578740e-08,4.004868421052632070e-07
3.110454545454545917e-07,4.007272727272727782e-07
3.956923076923076845e-07,4.010000000000000041e-07
4.645063291139240714e-07,4.009493670886076207e-07
5.339705882352941310e-07,3.999411764705882626e-07
8.210886075949367037e-07,4.005949367088607780e-07
8.605753424657535447e-07,4.012191780821918137e-07
1.032452380952381097e-06,4.011666666666667186e-07
1.216520547945205564e-06,4.005205479452055099e-07
1.362600000000000091e-06,4.006800000000000118e-07
6.201250000000000025e-08,4.016750000000000548e-07
2.414848484848485140e-07,4.012272727272727629e-07
6.455068493150685881e-07,4.012465753424657833e-07
1.072064516129032237e-06,4.006935483870967860e-07
1.176305882352941285e-06,4.016117647058823719e-07
1.322853333333333389e-06,4.015333333333333951e-07
1.429452380952381065e-06,4.022976190476190685e-07
2.960895522388060263e-07,4.023432835820896035e-07
4.496144578313253386e-07,4.031204819277108473e-07
5.192739726027397242e-07,4.024657534246575622e-07
5.897432432432432954e-07,4.029729729729729779e-07
8.997662337662337959e-07,4.024025974025974076e-07
9.934035087719298261e-07,4.018245614035087702e-07
7.698734177215189219e-08,4.035443037974683553e-07
2.266712328767123462e-07,4.035342465753424818e-07
7.274189189189189698e-07,4.033108108108108569e-07
7.678194444444445375e-07,4.038194444444445074e-07
1.097316455696202783e-06,4.040886075949367681e-07
1.136819444444444414e-06,4.033888888888889254e-07
1.281802469135802582e-06,4.032469135802469897e-07
1.495500000000000123e-06,4.030000000000000485e-07
9.210958904109589482e-08,4.047671232876712190e-07
3.810606060606060811e-07,4.039696969696970220e-07
8.069090909090909203e-07,4.047575757575757568e-07
9.390000000000000306e-07,4.045000000000000023e-07
1.058052631578947327e-06,4.050921052631579388e-07
1.388460526315789429e-06,4.041184210526315944e-07
2.813888888888889182e-07,4.047777777777777716e-07
5.035584415584415694e-07,4.053376623376623699e-07
6.304520547945205808e-07,4.047945205479451886e-07
1.202097560975609730e-06,4.061463414634146194e-07
1.454914285714285814e-06,4.057428571428571554e-07
1.521642857142857294e-06,4.062142857142857471e-07
1.073714285714285762e-07,4.057571428571428783e-07
3.512749999999999741e-07,4.063250000000000336e-07
3.661166666666666793e-07,4.056499999999999829e-07
4.348235294117647007e-07,4.061911764705882557e-07
5.749390243902439525e-07,4.060853658536585186e-07
6.710129870129870339e-07,4.070519480519480618e-07
8.465000000000000692e-07,4.065540540540540819e-07
9.786029411764706482e-07,4.063676470588235724e-07
1.018190476190476130e-06,4.064880952380952511e-07
1.347760563380281606e-06,4.062535211267605871e-07
1.223544303797468498e-07,4.073037974683544906e-07
7.128352941176471569e-07,4.075411764705883042e-07
8.855000000000000346e-07,4.069473684210526757e-07
1.162103896103896222e-06,4.072857142857142780e-07
1.307253968253968275e-06,4.071111111111110861e-07
1.414812500000000017e-06,4.082250000000000704e-07
1.366071428571428803e-07,4.082321428571428525e-07
2.667073170731707218e-07,4.086585365853658792e-07
4.886790123456789849e-07,4.085679012345679020e-07
1.122792207792207968e-06,4.087142857142857232e-07
8.430379746835444710e-09,4.097341772151898468e-07
1.512467532467532790e-07,4.097402597402597341e-07
3.361408450704225697e-07,4.089859154929577861e-07
4.197800000000000174e-07,4.087799999999999851e-07
5.593620689655172243e-07,4.089655172413793287e-07
6.162241379310346011e-07,4.088793103448275671e-07
7.530985915492957953e-07,4.088309859154929708e-07
7.928271604938272037e-07,4.093580246913580718e-07
9.254074074074074324e-07,4.087592592592592894e-07
1.083454545454545461e-06,4.095454545454545803e-07
1.266969696969697166e-06,4.090606060606060671e-07
1.374087500000000081e-06,4.094624999999999781e-07
1.480563380281690120e-06,4.094788732394366524e-07
1.661126760563380300e-07,4.106478873239437265e-07
5.441269841269841693e-07,4.103333333333333151e-07
6.565060240963855965e-07,4.111807228915663184e-07
8.316666666666667155e-07,4.108000000000000521e-07
9.636714285714286405e-07,4.105714285714285913e-07
1.044172839506172848e-06,4.105185185185185475e-07
1.227260000000000046e-06,4.095200000000000301e-07
2.332876712328767553e-08,4.113287671232877022e-07
1.808157894736842216e-07,4.119736842105263056e-07
1.958311688311688431e-07,4.116623376623377064e-07
2.108888888888888891e-07,4.115238095238095371e-07
4.055970149253731187e-07,4.117014925373134176e-07
4.741081081081081591e-07,4.118513513513513866e-07
8.707361111111111365e-07,4.116527777777778116e-07
1.003902439024390197e-06,4.112804878048780570e-07
1.187929577464788708e-06,4.119295774647887471e-07
1.293084337349397694e-06,4.124939759036144599e-07
1.333906250000000067e-06,4.109375000000000360e-07
1.441214285714285843e-06,4.111857142857143593e-07
1.507415584415584384e-06,4.118181818181818506e-07
2.516027397260274476e-07,4.125616438356164923e-07
3.216363636363636264e-07,4.119818181818182072e-07
7.384615384615385421e-07,4.125897435897436039e-07
9.115000000000000821e-07,4.125000000000000210e-07
1.148261904761904824e-06,4.124880952380952784e-07
1.400166666666666757e-06,4.127361111111110852e-07
3.850649350649351106e-08,4.130129870129870265e-07
7.785166666666667458e-07,4.136000000000000507e-07
1.108500000000000059e-06,4.138717948717948792e-07
5.312857142857143164e-08,4.146428571428571888e-07
3.072537313432835904e-07,4.149701492537313405e-07
5.300000000000000078e-07,4.134464285714285955e-07
5.997567567567568143e-07,4.141756756756756953e-07
9.499841269841270551e-07,4.142063492063492354e-07
1.213893617021276797e-06,4.152234042553191775e-07
1.253061728395061666e-06,4.146296296296296381e-07
1.466636363636363728e-06,4.150519480519480805e-07
3.910270270270270645e-07,4.152702702702702791e-07
6.417462686567164503e-07,4.158507462686567363e-07
9.897848101265822887e-07,4.158987341772152525e-07
1.069349397590361437e-06,4.153012048192771530e-07
1.359916666666666804e-06,4.154285714285714730e-07
6.800000000000000010e-08,4.158805970149254459e-07
8.312195121951220377e-08,4.167073170731707150e-07
2.918507462686567377e-07,4.166716417910447661e-07
4.596000000000000656e-07,4.151636363636364067e-07
5.136081081081081091e-07,4.163108108108108806e-07
8.974750000000000343e-07,4.171750000000000546e-07
1.030000000000000091e-06,4.160000000000000193e-07
1.173600000000000080e-06,4.165066666666666958e-07
1.319514285714285806e-06,4.159857142857142964e-07
9.804938271604938964e-08,4.180123456790123737e-07
5.849705882352941509e-07,4.170735294117647435e-07
6.818985507246376583e-07,4.167826086956522129e-07
7.238028169014085520e-07,4.172676056338028561e-07
1.279244186046511800e-06,4.179651162790698223e-07
1.426666666666666842e-06,4.170800000000000263e-07
3.762769230769231253e-07,4.180615384615385054e-07
9.361250000000000793e-07,4.182656250000000108e-07
1.134263888888889043e-06,4.183472222222222355e-07
1.385487804878048887e-06,4.190731707317073116e-07
1.128928571428571503e-07,4.194404761904762514e-07
2.772222222222222209e-07,4.192222222222222483e-07
4.450350877192982999e-07,4.186140350877193012e-07
4.986710526315790088e-07,4.195789473684210510e-07
5.695342465753424066e-07,4.200410958904110360e-07
6.262656250000000734e-07,4.194218750000000051e-07
7.637999999999999970e-07,4.191076923076923324e-07
8.032533333333334216e-07,4.196666666666667320e-07
1.094578947368421047e-06,4.194210526315789841e-07
1.452734177215190067e-06,4.201518987341772583e-07
3.616811594202898759e-07,4.200000000000000022e-07
9.752592592592593395e-07,4.207654320987654460e-07
1.015271604938271690e-06,4.209753086419752985e-07
1.054776315789473881e-06,4.206973684210527029e-07
1.199435294117647186e-06,4.212352941176471133e-07
1.239296875000000139e-06,4.199375000000000239e-07
1.519057971014492836e-06,4.209565217391304375e-07
1.282600000000000116e-07,4.203400000000000171e-07
3.467042253521127355e-07,4.208873239436619721e-07
6.672911392405064200e-07,4.211898734177215415e-07
8.428307692307692767e-07,4.209230769230769457e-07
1.159444444444444473e-06,4.217083333333333227e-07
1.305649350649350829e-06,4.218181818181818607e-07
1.346014705882352939e-06,4.211029411764706390e-07
1.426935483870967786e-07,4.219354838709677734e-07
4.300714285714285740e-07,4.220892857142857751e-07
4.841168831168831275e-07,4.228701298701298604e-07
7.089285714285714475e-07,4.220000000000000465e-07
8.829166666666666483e-07,4.224285714285714695e-07
9.222696629213483398e-07,4.228539325842696957e-07
1.412132352941176677e-06,4.227941176470588924e-07
1.439473684210526467e-08,4.237236842105263414e-07
1.576052631578947386e-07,4.234210526315789669e-07
2.625375000000000571e-07,4.231625000000000545e-07
3.317671232876712403e-07,4.232465753424657950e-07
5.548103448275862422e-07,4.231206896551724715e-07
7.494125000000001072e-07,4.233250000000000402e-07
1.119726027397260275e-06,4.233424657534247150e-07
1.265080459770114859e-06,4.239195402298850852e-07
1.478463414634146425e-06,4.237804878048780432e-07
1.723461538461538588e-07,4.238461538461538807e-07
1.884927536231884203e-07,4.243913043478261083e-07
2.029367088607594989e-07,4.243797468354430723e-07
2.185692307692307646e-07,4.243384615384615734e-07
5.389841269841269879e-07,4.240793650793650771e-07
7.887777777777778749e-07,4.244444444444444688e-07
1.080265060240963878e-06,4.250722891566265289e-07
1.371346153846153862e-06,4.243076923076923525e-07
2.912121212121212330e-08,4.249696969696970116e-07
3.171971830985915713e-07,4.256760563380281622e-07
4.158000000000000572e-07,4.248461538461539029e-07
4.691728395061729001e-07,4.259382716049383206e-07
6.096056338028169323e-07,4.252957746478873482e-07
6.525764705882353617e-07,4.258117647058823900e-07
1.001146067415730509e-06,4.257078651685393892e-07
1.225257575757575778e-06,4.250606060606061045e-07
1.331151515151515396e-06,4.257676767676768331e-07
1.438632911392405096e-06,4.256329113924050645e-07
2.444727272727273082e-07,4.259454545454545419e-07
5.241558441558442306e-07,4.263766233766234220e-07
6.928987341772152050e-07,4.265443037974683363e-07
8.285147058823530231e-07,4.263676470588235397e-07
8.683544303797468859e-07,4.272784810126582662e-07
1.040369863013698717e-06,4.260273972602739990e-07
1.185044117647058773e-06,4.267352941176471030e-07
4.512280701754386665e-08,4.268771929824562041e-07
4.004507042253521381e-07,4.275915492957746806e-07
5.948974358974359865e-07,4.281153846153846653e-07
7.344320987654321024e-07,4.273456790123456847e-07
9.076410256410256993e-07,4.272820512820513046e-07
1.291454545454545630e-06,4.275454545454546092e-07
1.397694915254237421e-06,4.272203389830508663e-07
1.503294117647058860e-06,4.270441176470588411e-07
5.909375000000000596e-08,4.281406250000000116e-07
7.747464788732395193e-07,4.286760563380281758e-07
9.476543209876543325e-07,4.285308641975309393e-07
1.250639534883720893e-06,4.291976744186046734e-07
7.367532467532467846e-08,4.292857142857142897e-07
3.027125000000000049e-07,4.293874999999999928e-07
4.543972602739726538e-07,4.296301369863013964e-07
1.106266666666666699e-06,4.288833333333333323e-07
1.464538461538461584e-06,4.295256410256410892e-07
1.530445783132530109e-06,4.296987951807229093e-07
8.910714285714287183e-08,4.303333333333333354e-07
2.875487804878049233e-07,4.309024390243902414e-07
3.855616438356164755e-07,4.303972602739726507e-07
5.087466666666666800e-07,4.306399999999999969e-07
5.797195121951219628e-07,4.310609756097561353e-07
6.380895522388059917e-07,4.304626865671641630e-07
6.781395348837209749e-07,4.312558139534883827e-07
9.868101265822785197e-07,4.306329113924050695e-07
1.210016393442623125e-06,4.302950819672131371e-07
1.357901639344262426e-06,4.301311475409836174e-07
3.709240506329114515e-07,4.315696202531645860e-07
7.198333333333333800e-07,4.315138888888889208e-07
8.141803278688524867e-07,4.303770491803278704e-07
8.537571428571429724e-07,4.314142857142857345e-07
8.940961538461538994e-07,4.311923076923077046e-07
1.025684210526315868e-06,4.314605263157895288e-07
1.317069444444444509e-06,4.313194444444445088e-07
1.424270270270270222e-06,4.317027027027027571e-07
1.041081081081081150e-07,4.317432432432432306e-07
4.398607594936709416e-07,4.324810126582278578e-07
1.130872727272727146e-06,4.321818181818181896e-07
1.171111111111111098e-06,4.322916666666667276e-07
1.191527777777777799e-07,4.331805555555555892e-07
2.728181818181818367e-07,4.328030303030303158e-07
3.556486486486486766e-07,4.336081081081081339e-07
4.940107526881720133e-07,4.335591397849462521e-07
9.326500000000000829e-07,4.333125000000000229e-07
1.276844827586207022e-06,4.327413793103448469e-07
1.383695652173913109e-06,4.335797101449276042e-07
1.489948051948052050e-06,4.332597402597403368e-07
1.342533333333333470e-07,4.345200000000000025e-07
3.413589743589743808e-07,4.345000000000000327e-07
5.636153846153846809e-07,4.346025641025641199e-07
7.601617647058823631e-07,4.337500000000000293e-07
7.997571428571429388e-07,4.345000000000000327e-07
1.092089552238806007e-06,4.339104477611940254e-07
1.236682926829268396e-06,4.344024390243902396e-07
1.450573170731707304e-06,4.347926829268293062e-07
5.306451612903226467e-09,4.349516129032258390e-07
1.491000000000000050e-07,4.354142857142857174e-07
4.251149425287356541e-07,4.357011494252874106e-07
6.637972972972973845e-07,4.358918918918919162e-07
9.724430379746835088e-07,4.356962025316455803e-07
1.051746666666666712e-06,4.353600000000000550e-07
1.196692307692307618e-06,4.356538461538461593e-07
1.342912499999999909e-06,4.355375000000000313e-07
1.517320512820513128e-06,4.356025641025640892e-07
1.995454545454545396e-08,4.369659090909090923e-07
1.638750000000000033e-07,4.362656250000000397e-07
1.791481481481481715e-07,4.366172839506172869e-07
2.551904761904761935e-07,4.362380952380952628e-07
7.041884057971015650e-07,4.364637681159420175e-07
7.449736842105264420e-07,4.373684210526316043e-07
8.392089552238806842e-07,4.361343283582089677e-07
1.303012820512820618e-06,4.366153846153846686e-07
1.946250000000000106e-07,4.377361111111111105e-07
2.096351351351351310e-07,4.375945945945946080e-07
2.246093750000000068e-07,4.370468750000000057e-07
3.260634920634920652e-07,4.374126984126984769e-07
4.791358024691358214e-07,4.371975308641975512e-07
8.793797468354431100e-07,4.372531645569620317e-07
9.185324675324675778e-07,4.374155844155844639e-07
1.117351351351351292e-06,4.375270270270270640e-07
1.156403225806451815e-06,4.373064516129032798e-07
3.521126760563380411e-08,4.380563380281690307e-07
4.101208791208791534e-07,4.390769230769231318e-07
5.491304347826088195e-07,4.378115942028985760e-07
1.262381578947368300e-06,4.386052631578947799e-07
1.370025641025641127e-06,4.387179487179487472e-07
1.410981481481481663e-06,4.376111111111111011e-07
1.476205479452054939e-06,4.389315068493150498e-07
5.087500000000000392e-08,4.394000000000000303e-07
6.041846153846154927e-07,4.392000000000000153e-07
7.853676470588235648e-07,4.390147058823529301e-07
9.580526315789474372e-07,4.401447368421052770e-07
1.077385714285714488e-06,4.396857142857143299e-07
1.222000000000000116e-06,4.396056338028169188e-07
4.644307692307692236e-07,4.402769230769231161e-07
5.195394736842105562e-07,4.405263157894737378e-07
6.496455696202531279e-07,4.403417721518987428e-07
8.249538461538461843e-07,4.402923076923077530e-07
9.974782608695653970e-07,4.402753623188405983e-07
1.037280898876404618e-06,4.409101123595505884e-07
1.328091954022988762e-06,4.408620689655172683e-07
1.436325000000000178e-06,4.403500000000000487e-07
6.486567164179104506e-08,4.414179104477612369e-07
3.111194029850746451e-07,4.412985074626866105e-07
3.948888888888889221e-07,4.416666666666666908e-07
6.888873239436619896e-07,4.411126760563380969e-07
7.308588235294117781e-07,4.418352941176470728e-07
8.646071428571429405e-07,4.413452380952381103e-07
1.182621621621621692e-06,4.410000000000000446e-07
1.288780821917808311e-06,4.421232876712329035e-07
7.972839506172840068e-08,4.429753086419753102e-07
2.385671641791045152e-07,4.419850746268657121e-07
5.890793650793650855e-07,4.420476190476190903e-07
9.032278481012659629e-07,4.426329113924050711e-07
1.103846153846153882e-06,4.427846153846154371e-07
1.395235294117647073e-06,4.417647058823529779e-07
2.965000000000000411e-07,4.430000000000000361e-07
4.498271604938271631e-07,4.439012345679012606e-07
7.711176470588235530e-07,4.435647058823529543e-07
9.435000000000000510e-07,4.433243243243243533e-07
9.490140845070422774e-08,4.439014084507042956e-07
3.801594202898550959e-07,4.443333333333333284e-07
6.349436619718311145e-07,4.447464788732394496e-07
1.207960526315789421e-06,4.447236842105263309e-07
1.248226190476190380e-06,4.441190476190476434e-07
1.355507246376811509e-06,4.443913043478260756e-07
1.462150684931507113e-06,4.440136986301370166e-07
1.529229885057471181e-06,4.445172413793103634e-07
1.101578947368421123e-07,4.452894736842105366e-07
2.813593750000000352e-07,4.445156250000000242e-07
5.039166666666667618e-07,4.450952380952381274e-07
5.742999999999999479e-07,4.450166666666666778e-07
7.154698795180723214e-07,4.459638554216867359e-07
8.108333333333334405e-07,4.449487179487179574e-07
9.833972602739725865e-07,4.454794520547945746e-07
1.023350877192982501e-06,4.455964912280702348e-07
1.062714285714285783e-06,4.452428571428571584e-07
1.314223684210526222e-06,4.460000000000000497e-07
1.250823529411764649e-07,4.464823529411764974e-07
2.665094339622641863e-07,4.455471698113207844e-07
3.654242424242424683e-07,4.458939393939393795e-07
4.347721518987342391e-07,4.467341772151898737e-07
6.751718750000000552e-07,4.458281250000000434e-07
8.504025974025974487e-07,4.464545454545454614e-07
1.128948051948052034e-06,4.466623376623376889e-07
1.168300000000000105e-06,4.465000000000000343e-07
1.422518987341772169e-06,4.468860759493670769e-07
1.403037974683544158e-07,4.476455696202531985e-07
8.891639344262295525e-07,4.471475409836065813e-07
9.291318681318682157e-07,4.480219780219780560e-07
1.381842696629213478e-06,4.478426966292135059e-07
1.487447368421052908e-06,4.477500000000000224e-07
1.550821917808219335e-07,4.487671232876712424e-07
3.356718750000000128e-07,4.484062500000000320e-07
3.504285714285714601e-07,4.479047619047619413e-07
4.889367088607594923e-07,4.482405063291139946e-07
7.565535714285714786e-07,4.477500000000000224e-07
1.234182926829268420e-06,4.491341463414634428e-07
1.700389610389610495e-07,4.497272727272727538e-07
4.200434782608695891e-07,4.496811594202899228e-07
5.588064516129032495e-07,4.486935483870967923e-07
7.964337349397590050e-07,4.492409638554217140e-07
1.088239436619718449e-06,4.489436619718310107e-07
1.447530303030303060e-06,4.492878787878788135e-07
2.619047619047619102e-08,4.505119047619048128e-07
1.850000000000000022e-07,4.503974358974359300e-07
8.359577464788733114e-07,4.508028169014084765e-07
9.689677419354838715e-07,4.502258064516129357e-07
1.048261904761904934e-06,4.503809523809524321e-07
1.194253333333333468e-06,4.500133333333333634e-07
1.339579999999999929e-06,4.497600000000000251e-07
1.514887640449438167e-06,4.507415730337079011e-07
2.001578947368421109e-07,4.512500000000000206e-07
4.743157894736842226e-07,4.513421052631579724e-07
6.612500000000000217e-07,4.504117647058823853e-07
7.007575757575757604e-07,4.509242424242424862e-07
8.753827160493827617e-07,4.516913580246913739e-07
1.008377049180327832e-06,4.512622950819672650e-07
1.114969696969696970e-06,4.523838383838384105e-07
1.300162790697674542e-06,4.516627906976744813e-07
4.100000000000000317e-08,4.515000000000000394e-07
5.440000000000000008e-07,4.515000000000000394e-07
7.413448275862069188e-07,4.515517241379310540e-07
9.141707317073170770e-07,4.525000000000000086e-07
1.154162162162162195e-06,4.520810810810811298e-07
1.259730769230769364e-06,4.531666666666667077e-07
1.408013513513513623e-06,4.523783783783784294e-07
5.632857142857143382e-08,4.531857142857143383e-07
2.152328767123287741e-07,4.529178082191781375e-07
2.295125000000000112e-07,4.535750000000000365e-07
4.055753424657534541e-07,4.534520547945205708e-07
7.820000000000000938e-07,4.538260869565217737e-07
1.367329268292683017e-06,4.537073170731707420e-07
1.473500000000000165e-06,4.530000000000000462e-07
7.065789473684210931e-08,4.549473684210526820e-07
4.592238805970149185e-07,4.545671641791044906e-07
5.144133333333332783e-07,4.548400000000000150e-07
6.078500000000000332e-07,4.541500000000000267e-07
8.217941176470587991e-07,4.547941176470588613e-07
1.073987179487179451e-06,4.546666666666667146e-07
1.219766233766233803e-06,4.542727272727272942e-07
2.451499999999999949e-07,4.548500000000000264e-07
3.189423076923076888e-07,4.541730769230769556e-07
6.470224719101124401e-07,4.552696629213483535e-07
6.854415584415585028e-07,4.557142857142857602e-07
7.265833333333334636e-07,4.560238095238095451e-07
9.540000000000000987e-07,4.545818181818181784e-07
1.034060240963855473e-06,4.554819277108433919e-07
1.179871794871794988e-06,4.556153846153846667e-07
1.326138888888889006e-06,4.557222222222222377e-07
1.434365079365079289e-06,4.550793650793650768e-07
8.593150684931507850e-08,4.565068493150685236e-07
3.911282051282051426e-07,4.566153846153846889e-07
8.614000000000000239e-07,4.562400000000000143e-07
8.999047619047620182e-07,4.571785714285714862e-07
9.942794117647059118e-07,4.565882352941176763e-07
1.285958904109588967e-06,4.567397260273972916e-07
1.393736111111111148e-06,4.565555555555555454e-07
1.500892307692307814e-06,4.566307692307692199e-07
1.013291139240506421e-07,4.573417721518987494e-07
3.042236842105263103e-07,4.573947368421053024e-07
4.446164383561644004e-07,4.578493150684931391e-07
1.100462365591398031e-06,4.577526881720430218e-07
1.140246575342465770e-06,4.575753424657534433e-07
1.164743589743589825e-07,4.588461538461539162e-07
2.743943661971830955e-07,4.589718309859155472e-07
5.932622950819671866e-07,4.578360655737705316e-07
7.675125000000000906e-07,4.584250000000000303e-07
9.399218750000000403e-07,4.578593750000000076e-07
1.245543209876543273e-06,4.588271604938271510e-07
1.353311688311688506e-06,4.589740259740259788e-07
1.460080000000000088e-06,4.588266666666666671e-07
2.592380952380952528e-07,4.591904761904762203e-07
2.891864406779661380e-07,4.582542372881356026e-07
3.760294117647058913e-07,4.589411764705882483e-07
4.993661971830985854e-07,4.587605633802816793e-07
6.321111111111111553e-07,4.600333333333333962e-07
8.073066666666666218e-07,4.593466666666667274e-07
1.059929577464788832e-06,4.599295774647887534e-07
1.205530864197530922e-06,4.592962962962963077e-07
1.527107526881720369e-06,4.598924731182795698e-07
1.313456790123456812e-07,4.600864197530864775e-07
3.617500000000000199e-07,4.602058823529411661e-07
7.120365853658537151e-07,4.604512195121951572e-07
8.467349397590361587e-07,4.607108433734939783e-07
1.019812499999999987e-06,4.605875000000000074e-07
1.165880434782608780e-06,4.611630434782609099e-07
1.312452380952380957e-06,4.609404761904762459e-07
2.696428571428571940e-09,4.610714285714285736e-07
1.463376623376623668e-07,4.612467532467533020e-07
1.615365853658536760e-07,4.619634146341463419e-07
4.299846153846154283e-07,4.610769230769231435e-07
6.716250000000000071e-07,4.608750000000000026e-07
7.529420289855072854e-07,4.619565217391304473e-07
8.859600000000001327e-07,4.616000000000000570e-07
1.126029411764705963e-06,4.610588235294117842e-07
1.698701298701298911e-08,4.628311688311688913e-07
3.466710526315789712e-07,4.620789473684210676e-07
4.843076923076923604e-07,4.626153846153846632e-07
5.788088235294117897e-07,4.619558823529411917e-07
9.249594594594595111e-07,4.627162162162162126e-07
9.801475409836066557e-07,4.618688524590164290e-07
1.379333333333333270e-06,4.628888888888889486e-07
1.486318840579710419e-06,4.627391304347826408e-07
1.762500000000000066e-07,4.628392857142857661e-07
3.317358490566038319e-07,4.625660377358490893e-07
1.086156626506024335e-06,4.633614457831325588e-07
1.231280000000000051e-06,4.636266666666667101e-07
1.271352112676056327e-06,4.634366197183099229e-07
1.445873417721518993e-06,4.636962025316455664e-07
3.228571428571428838e-08,4.644571428571428944e-07
1.906111111111111261e-07,4.638194444444444624e-07
2.058372093023256028e-07,4.648604651162790824e-07
4.154102564102564518e-07,4.644487179487179931e-07
6.181805555555556179e-07,4.646111111111111179e-07
7.925774647887324432e-07,4.638591549295774999e-07
8.322098765432099440e-07,4.648641975308642142e-07
1.045390804597701253e-06,4.654137931034482708e-07
1.191357142857143031e-06,4.651547619047619667e-07
4.670422535211268287e-08,4.651126760563381001e-07
6.580597014925374083e-07,4.656716417910447946e-07
6.975633802816901632e-07,4.654788732394366244e-07
7.380000000000000704e-07,4.661052631578947813e-07
1.005655172413793147e-06,4.660804597701149699e-07
1.512589743589743819e-06,4.655384615384615982e-07
2.208933333333333605e-07,4.664666666666666482e-07
4.700588235294117721e-07,4.658382352941176301e-07
5.640327868852459356e-07,4.657868852459016785e-07
9.658356164383562298e-07,4.664246575342466250e-07
1.152000000000000151e-06,4.667631578947368329e-07
1.298079999999999988e-06,4.665866666666666784e-07
6.175757575757575592e-08,4.667575757575757561e-07
2.357307692307692469e-07,4.676153846153846683e-07
4.007407407407408057e-07,4.676172839506172865e-07
9.106111111111111147e-07,4.666111111111111093e-07
1.112042857142857226e-06,4.669428571428571475e-07
1.257162162162162099e-06,4.679054054054054468e-07
1.405582278481012880e-06,4.673037974683544985e-07
1.472101265822785031e-06,4.677848101265822996e-07
7.710606060606061852e-08,4.682727272727272872e-07
4.553411764705882425e-07,4.690235294117647290e-07
5.096351351351351439e-07,4.689729729729730130e-07
6.033908045977011860e-07,4.688275862068966132e-07
7.784383561643836243e-07,4.683561643835616660e-07
1.216729729729729776e-06,4.688513513513513809e-07
1.365137931034482836e-06,4.686091954022988841e-07
6.431447368421053345e-07,4.699736842105263221e-07
8.176666666666667225e-07,4.692833333333334029e-07
1.431728395061728556e-06,4.694444444444444614e-07
9.222388059701492766e-08,4.697761194029851549e-07
3.122909090909091489e-07,4.699636363636363945e-07
3.858552631578947873e-07,4.708026315789473590e-07
5.489122807017544307e-07,4.700701754385965447e-07
6.819305555555555369e-07,4.705972222222222435e-07
7.231805555555555655e-07,4.706111111111110922e-07
1.031532467532467703e-06,4.707662337662338058e-07
1.177500000000000161e-06,4.705000000000000375e-07
1.323915492957746524e-06,4.709154929577465491e-07
1.071333333333333530e-07,4.710800000000000069e-07
2.500781250000000012e-07,4.711406250000000128e-07
2.821470588235294147e-07,4.715000000000000067e-07
2.972597402597402837e-07,4.707922077922078475e-07
8.966865671641791309e-07,4.712985074626866409e-07
9.515483870967742481e-07,4.710483870967742534e-07
9.914578313253012883e-07,4.712891566265060558e-07
1.070540983606557403e-06,4.710819672131147554e-07
1.137629629629629587e-06,4.720617283950617531e-07
1.283320512820512912e-06,4.715769230769231383e-07
1.391500000000000145e-06,4.713500000000000484e-07
1.498866666666666549e-06,4.713466666666667289e-07
1.224027777777777858e-07,4.722222222222222597e-07
2.670617283950617571e-07,4.723703703703704033e-07
3.708461538461538694e-07,4.726923076923076990e-07
5.888857142857143160e-07,4.720428571428571601e-07
9.357600000000000624e-07,4.723066666666667058e-07
1.098076923076923249e-06,4.724487179487180118e-07
1.375316455696202599e-07,4.734430379746835536e-07
4.405538461538462098e-07,4.729538461538461558e-07
4.948611111111111142e-07,4.730833333333333178e-07
7.637058823529413096e-07,4.727352941176471179e-07
8.036842105263159186e-07,4.736578947368421181e-07
1.242830769230769365e-06,4.729846153846154296e-07
1.350592105263157981e-06,4.737894736842105602e-07
1.458061728395061821e-06,4.736543209876543497e-07
7.604651162790698518e-09,4.748372093023256160e-07
1.526493506493506560e-07,4.745194805194805516e-07
3.558805970149254380e-07,4.741492537313433187e-07
6.287361111111111665e-07,4.744722222222222699e-07
1.202828571428571496e-06,4.737857142857142978e-07
1.673913043478260966e-07,4.758260869565217855e-07
5.744024390243902227e-07,4.759756097560976186e-07
7.087407407407407579e-07,4.752716049382716192e-07
8.428518518518518744e-07,4.757037037037037400e-07
9.770574712643677972e-07,4.760459770114942859e-07
1.017185185185185247e-06,4.755061728395061975e-07
1.056351351351351368e-06,4.751891891891891812e-07
1.309701492537313491e-06,4.755373134328358765e-07
1.418074626865671792e-06,4.751044776119403295e-07
1.525557377049180345e-06,4.748032786885246238e-07
2.231481481481481354e-08,4.763518518518518682e-07
3.260895522388060037e-07,4.764477611940298760e-07
3.412941176470588574e-07,4.757352941176470786e-07
4.254107142857143162e-07,4.752678571428571906e-07
4.804782608695652012e-07,4.768840579710145549e-07
5.352999999999999824e-07,4.759800000000000574e-07
6.684333333333333300e-07,4.758666666666667191e-07
7.494262295081967267e-07,4.760000000000000272e-07
8.823714285714286735e-07,4.765000000000000118e-07
1.163628205128205105e-06,4.762435897435897673e-07
1.822571428571428688e-07,4.770571428571429410e-07
1.967564102564102636e-07,4.773333333333333724e-07
9.213333333333333778e-07,4.773086419753086465e-07
1.123560000000000090e-06,4.777066666666666350e-07
1.377043478260869490e-06,4.777536231884058693e-07
1.484828125000000017e-06,4.775312500000000496e-07
5.267532467532467570e-08,4.788181818181818020e-07
5.207999999999999519e-07,4.790941176470588870e-07
6.141388888888889828e-07,4.789166666666666836e-07
7.890769230769231160e-07,4.784102564102564733e-07
1.083941176470588405e-06,4.780294117647058783e-07
1.229029411764705867e-06,4.782794117647058970e-07
1.268739726027397204e-06,4.783561643835616761e-07
1.443789473684210643e-06,4.785263157894736811e-07
6.751851851851852019e-08,4.800617283950617189e-07
2.122948717948718028e-07,4.789615384615385279e-07
4.111200000000000444e-07,4.791333333333334018e-07
5.600000000000000382e-07,4.797916666666666964e-07
6.541797752808989189e-07,4.801910112359550847e-07
8.285384615384615532e-07,4.800128205128205143e-07
1.188842857142857279e-06,4.794714285714285796e-07
2.267246376811594319e-07,4.806086956521739619e-07
4.657534246575342908e-07,4.799178082191781013e-07
6.945000000000000845e-07,4.802432432432432215e-07
9.625632183908047872e-07,4.809195402298851323e-07
1.002715909090909245e-06,4.807954545454546393e-07
1.335720588235294226e-06,4.798823529411765185e-07
1.510652777777777951e-06,4.802083333333333237e-07
3.958955223880597274e-07,4.817611940298507488e-07
7.344444444444445183e-07,4.816527777777778296e-07
1.042560606060606069e-06,4.807575757575757491e-07
1.149138888888889049e-06,4.810833333333333365e-07
1.294973333333333539e-06,4.814400000000000018e-07
1.403475609756097738e-06,4.820487804878049245e-07
1.254629629629629695e-06,4.829753086419753507e-07
1.362014084507042283e-06,4.828591549295774980e-07
1.469702702702702708e-06,4.828513513513513739e-07
9.780281690140845223e-08,4.832676056338028912e-07
4.509873417721519324e-07,4.835063291139240165e-07
5.059577464788732946e-07,4.834507042253521799e-07
7.750000000000000973e-07,4.830000000000000766e-07
9.069230769230769301e-07,4.829038461538461092e-07
1.108986111111111248e-06,4.835972222222222672e-07
1.214918918918918961e-06,4.836081081081081846e-07
1.134197530864197506e-07,4.844197530864197507e-07
2.419285714285714083e-07,4.840000000000000459e-07
2.572702702702702672e-07,4.841216216216216251e-07
3.802151898734177764e-07,4.846582278481012419e-07
8.139130434782608889e-07,4.840144927536232062e-07
1.429444444444444429e-06,4.840138888888888946e-07
1.286133333333333574e-07,4.857200000000000904e-07
3.022321428571428298e-07,4.843928571428571880e-07
5.462124999999999817e-07,4.855750000000000054e-07
6.395625000000000070e-07,4.845468750000000803e-07
6.794025974025974130e-07,4.853376623376623451e-07
7.201549295774649098e-07,4.848732394366197791e-07
9.880947368421054157e-07,4.863157894736842242e-07
1.028611764705882414e-06,4.854705882352941930e-07
1.070369047619047683e-06,4.859047619047619374e-07
1.321666666666666789e-06,4.852800000000000150e-07
1.496481927710843356e-06,4.860602409638554897e-07
1.435890410958904222e-07,4.867123287671232994e-07
2.722638888888889209e-07,4.859444444444444835e-07
3.650602409638554517e-07,4.865421686746988968e-07
8.535686274509805460e-07,4.853137254901961337e-07
8.933750000000000439e-07,4.865375000000001042e-07
9.484400000000001469e-07,4.860266666666666460e-07
1.135170454545454621e-06,4.867954545454545607e-07
1.174647058823529658e-06,4.858823529411765458e-07
1.281024096385542346e-06,4.865542168674699132e-07
1.388987341772151941e-06,4.864177215189873857e-07
2.874857142857142773e-07,4.865571428571429136e-07
4.364166666666667199e-07,4.871527777777778193e-07
4.908550724637681213e-07,4.875072463768116243e-07
9.329516129032258778e-07,4.871451612903225417e-07
1.240309523809523930e-06,4.876309523809524778e-07
1.347493670886076008e-06,4.883164556962025574e-07
1.332307692307692390e-08,4.884307692307692267e-07
1.586000000000000040e-07,4.881000000000000363e-07
3.497681159420289952e-07,4.878985507246376946e-07
5.854727272727273573e-07,4.872181818181817978e-07
6.248250000000000909e-07,4.889875000000000765e-07
7.599565217391304422e-07,4.880434782608696156e-07
1.200666666666666804e-06,4.883768115942029387e-07
1.455621951219512179e-06,4.886097560975610372e-07
1.522139240506329236e-06,4.887974683544304644e-07
2.869736842105263047e-08,4.892236842105262860e-07
1.734366197183098672e-07,4.891971830985916292e-07
3.168730158730158776e-07,4.887301587301588121e-07
7.993918918918919617e-07,4.891756756756757183e-07
8.393529411764706685e-07,4.899647058823529992e-07
1.095378787878788159e-06,4.890303030303030466e-07
1.307053333333333261e-06,4.896533333333333663e-07
1.415863636363636414e-06,4.895909090909090755e-07
4.350000000000000571e-08,4.905000000000000048e-07
1.881940298507462837e-07,4.901791044776120126e-07
4.210923076923077399e-07,4.900153846153846571e-07
6.653600000000000764e-07,4.907466666666667041e-07
7.056515151515152011e-07,4.897272727272727414e-07
8.789456521739130920e-07,4.909782608695652489e-07
9.736835443037975904e-07,4.912784810126583099e-07
1.013975308641975328e-06,4.909753086419753165e-07
1.055867647058823452e-06,4.900000000000000731e-07
1.160632911392405174e-06,4.906329113924051303e-07
5.872602739726027660e-08,4.918904109589041333e-07
2.029705882352941185e-07,4.910588235294117617e-07
4.763000000000000497e-07,4.909142857142857048e-07
5.312727272727273087e-07,4.900909090909091131e-07
5.708985507246376834e-07,4.909420289855072951e-07
9.181012658227849137e-07,4.917848101265822498e-07
1.120481012658227878e-06,4.922278481012657899e-07
1.482622641509434065e-06,4.914150943396227111e-07
4.062159090909091115e-07,4.930909090909091267e-07
7.458955223880597645e-07,4.919253731343284496e-07
1.373828571428571426e-06,4.922000000000000266e-07
2.177586206896551878e-07,4.923965517241379140e-07
5.165750000000001109e-07,4.942624999999999963e-07
6.104000000000000130e-07,4.931466666666666727e-07
7.849531250000000046e-07,4.935312499999999811e-07
1.226097222222222146e-06,4.935833333333333227e-07
1.441013888888888901e-06,4.932499999999999996e-07
7.368181818181818888e-08,4.935606060606061157e-07
8.843661971830986051e-08,4.942676056338028706e-07
4.617763157894737461e-07,4.944210526315790071e-07
6.500933333333333921e-07,4.949066666666667625e-07
6.902253521126761687e-07,4.942394366197183973e-07
8.247200000000000422e-07,4.943866666666667023e-07
1.081985294117647150e-06,4.949264705882353761e-07
1.186155844155844203e-06,4.947012987012987577e-07
1.508137500000000093e-06,4.950375000000000016e-07
5.570434782608696115e-07,4.958695652173913397e-07
7.311839080459770030e-07,4.961724137931034119e-07
9.592499999999999637e-07,4.958928571428572049e-07
9.995180722891567594e-07,4.962530120481928203e-07
1.039942857142857104e-06,4.949571428571429094e-07
1.146592592592592698e-06,4.960864197530864822e-07
1.332581081081081212e-06,4.951486486486487280e-07
3.911296296296296196e-07,4.958518518518518509e-07
5.958219178082192141e-07,4.965205479452054695e-07
8.644166666666666349e-07,4.958472222222222347e-07
9.038955223880597764e-07,4.965671641791045226e-07
1.292197183098591607e-06,4.960563380281690471e-07
1.400424242424242617e-06,4.967575757575757865e-07
1.047500000000000082e-07,4.966000000000000396e-07
2.482459016393442502e-07,4.967868852459017311e-07
2.632368421052632188e-07,4.978026315789473757e-07
4.470975609756098121e-07,4.976219512195122030e-07
5.013766233766234450e-07,4.976363636363636672e-07
1.107058139534883982e-06,4.979186046511627914e-07
1.251218750000000022e-06,4.971718750000000230e-07
1.359426966292134937e-06,4.974719101123595165e-07
1.194000000000000236e-07,4.975454545454546272e-07
2.785696202531645792e-07,4.986835443037974795e-07
6.357066666666667528e-07,4.988400000000000385e-07
7.705714285714286385e-07,4.982714285714286156e-07
8.101052631578946852e-07,4.990263157894737389e-07
1.211742857142857305e-06,4.985428571428571923e-07
1.427312500000000109e-06,4.991125000000000430e-07
1.467500000000000137e-06,4.973148148148148218e-07
1.348169014084507158e-07,4.990985915492957708e-07
2.937297297297297831e-07,4.997432432432433101e-07
7.161752577319587021e-07,4.998865979381444188e-07
1.318432432432432622e-06,4.998108108108108541e-07
1.495063291139240433e-07,5.001645569620253558e-07
3.584242424242424718e-07,5.001060606060607005e-07
5.413461538461538675e-07,5.003076923076923978e-07
5.812816901408450790e-07,5.010845070422535785e-07
1.025772727272727296e-06,5.004204545454545785e-07
1.066118421052631725e-06,5.005657894736842360e-07
1.172051948051948255e-06,5.006233766233766600e-07
1.276861111111111102e-06,5.009166666666667482e-07
1.494701754385965035e-06,5.002807017543860507e-07
1.644736842105263460e-07,5.010701754385964914e-07
3.085675675675675867e-07,5.013783783783784049e-07
6.755000000000000335e-07,5.005000000000000149e-07
8.499230769230769888e-07,5.008307692307693113e-07
8.898554216867471176e-07,5.014216867469879543e-07
9.290379746835443874e-07,5.020000000000000218e-07
9.450000000000000578e-07,5.005737704918032697e-07
9.853827160493827674e-07,5.012592592592593038e-07
1.132000000000000131e-06,5.014999999999999842e-07
1.386444444444444374e-06,5.014691358024691033e-07
1.939682539682539547e-08,5.013333333333333756e-07
3.236119402985075069e-07,5.017313432835820595e-07
4.320555555555555576e-07,5.018194444444444585e-07
4.868382352941176197e-07,5.019705882352941621e-07
7.567627118644068061e-07,5.020508474576271532e-07
1.237706666666666876e-06,5.024000000000000518e-07
3.466666666666666607e-08,5.028405797101450155e-07
1.801363636363636365e-07,5.030757575757575596e-07
3.435660377358490958e-07,5.024528301886792871e-07
6.209014084507043056e-07,5.031690140845071489e-07
7.957000000000000643e-07,5.033625000000000447e-07
1.197859154929577640e-06,5.039718309859155928e-07
1.344544303797468271e-06,5.034556962025316534e-07
1.454115942028985676e-06,5.030144927536232572e-07
1.520384615384615504e-06,5.036923076923077516e-07
4.982666666666667079e-08,5.042666666666666822e-07
4.178550724637681426e-07,5.042898550724638023e-07
7.011200000000000736e-07,5.043600000000000508e-07
8.353382352941177558e-07,5.047352941176470868e-07
1.092808219178082325e-06,5.040136986301370245e-07
1.157907894736842227e-06,5.053289473684210347e-07
1.303844155844156098e-06,5.045584415584416445e-07
1.413023255813953596e-06,5.051860465116279539e-07
1.948500000000000011e-07,5.045333333333334042e-07
4.719875000000000169e-07,5.052875000000000305e-07
6.608815789473685321e-07,5.051315789473684775e-07
9.708367346938776787e-07,5.065000000000000422e-07
1.010462365591398046e-06,5.064301075268817904e-07
1.051689189189189136e-06,5.053378378378378614e-07
7.952439024390245210e-08,5.071219512195122815e-07
2.094461538461538402e-07,5.060461538461538624e-07
5.670294117647058943e-07,5.059411764705882853e-07
7.421388888888889643e-07,5.062916666666666756e-07
8.756760563380281947e-07,5.057887323943662426e-07
1.481344827586207139e-06,5.057413793103448785e-07
2.247321428571428836e-07,5.070892857142857024e-07
6.061694915254237363e-07,5.072203389830508415e-07
7.813132530120482439e-07,5.079879518072289268e-07
9.153888888888889573e-07,5.066666666666667567e-07
1.118564102564102538e-06,5.073333333333332970e-07
1.370611111111111263e-06,5.071805555555555371e-07
1.439488636363636336e-06,5.082613636363636713e-07
9.522535211267606852e-08,5.078873239436619438e-07
2.392972972972973089e-07,5.079054054054054874e-07
4.032839506172839727e-07,5.083086419753086462e-07
4.573086419753086792e-07,5.088641975308641847e-07
5.118550724637681109e-07,5.082173913043478776e-07
1.224155844155844093e-06,5.084415584415584399e-07
5.524352941176470705e-07,5.101176470588235320e-07
6.464794520547945348e-07,5.092602739726027558e-07
6.867303370786517346e-07,5.098651685393258296e-07
8.206111111111111293e-07,5.092361111111110824e-07
1.037333333333333411e-06,5.098271604938271180e-07
1.078605633802817122e-06,5.095915492957747002e-07
1.183771084337349433e-06,5.096265060240964687e-07
1.331210526315789469e-06,5.091754385964912744e-07
1.506631578947368333e-06,5.091578947368420852e-07
1.251739130434782625e-07,5.107681159420290737e-07
2.541076923076923240e-07,5.096153846153846473e-07
5.921898734177215243e-07,5.109746835443038180e-07
9.007108433734940536e-07,5.112650602409639048e-07
9.554347826086956193e-07,5.112065217391304945e-07
1.143518987341772172e-06,5.107594936708860562e-07
1.289985714285714367e-06,5.108000000000000476e-07
2.696891891891892006e-07,5.111621621621622742e-07
4.972592592592593209e-07,5.117654320987654006e-07
7.272638888888889585e-07,5.108333333333333482e-07
8.606533333333333929e-07,5.109466666666667394e-07
9.963750000000000530e-07,5.105000000000000251e-07
1.248685185185185275e-06,5.112777777777777789e-07
1.531393442622950800e-06,5.118360655737705652e-07
1.411527777777777916e-07,5.125277777777778728e-07
2.849411764705882519e-07,5.120294117647058915e-07
4.425529411764706094e-07,5.125294117647059291e-07
7.666835443037974970e-07,5.124810126582279389e-07
1.396461538461538637e-06,5.120307692307693057e-07
1.560813953488372414e-07,5.136279069767442393e-07
2.995857142857142864e-07,5.133142857142856937e-07
6.318965517241379125e-07,5.136436781609195179e-07
8.065263157894736535e-07,5.135526315789473944e-07
1.104595238095238123e-06,5.132500000000000199e-07
1.209787500000000019e-06,5.135375000000000150e-07
1.425474358974359044e-06,5.134487179487179157e-07
1.076712328767123295e-08,5.138904109589040920e-07
2.578888888888888931e-08,5.150000000000000455e-07
3.155492957746478676e-07,5.141830985915493649e-07
5.380937500000000732e-07,5.142343750000000608e-07
6.723975903614457455e-07,5.146144578313254045e-07
7.129999999999999921e-07,5.149285714285714838e-07
1.316027397260274107e-06,5.143698630136985863e-07
1.709859154929577725e-07,5.151408450704225182e-07
3.304857142857142785e-07,5.149000000000000380e-07
8.463827160493827006e-07,5.152592592592592968e-07
9.826593406593406377e-07,5.163736263736264269e-07
1.064116883116883186e-06,5.154935064935065197e-07
1.170000000000000021e-06,5.157027027027027152e-07
1.276052631578947400e-06,5.156447368421053905e-07
1.382648648648648913e-06,5.155675675675676271e-07
1.491854838709677378e-06,5.150161290322580873e-07
4.051562499999999987e-08,5.158125000000000271e-07
1.858507462686567150e-07,5.165970149253732524e-07
3.445660377358491180e-07,5.163584905660377356e-07
4.282203389830508885e-07,5.158305084745762786e-07
4.821911764705883010e-07,5.161911764705883142e-07
5.779014084507042514e-07,5.162394366197183560e-07
7.524782608695653075e-07,5.166376811594202344e-07
8.864054054054054422e-07,5.160270270270270324e-07
9.260000000000000068e-07,5.169285714285715282e-07
1.022954545454545575e-06,5.155000000000000831e-07
1.130158730158730165e-06,5.160793650793651068e-07
5.612500000000000130e-08,5.174062500000000278e-07
3.588518518518518815e-07,5.163333333333334437e-07
7.919999999999999980e-07,5.179285714285714975e-07
9.394727272727273773e-07,5.173636363636363557e-07
1.235303797468354335e-06,5.175822784810126578e-07
1.451318681318681411e-06,5.175164835164835195e-07
2.163373493975903922e-07,5.191566265060240881e-07
4.138977272727272785e-07,5.186250000000000532e-07
5.225000000000000796e-07,5.182999999999999758e-07
1.090212500000000194e-06,5.186875000000000843e-07
1.195328767123287840e-06,5.187123287671232683e-07
1.342621621621621855e-06,5.184999999999999908e-07
1.518228571428571687e-06,5.181714285714286283e-07
2.012962962962963268e-07,5.183703703703703122e-07
4.672676056338028539e-07,5.189718309859155550e-07
6.977432432432432566e-07,5.193513513513513632e-07
1.155370370370370524e-06,5.198395061728395440e-07
1.301831325301204910e-06,5.194337349397590525e-07
8.658823529411765868e-08,5.200882352941176825e-07
2.310526315789473727e-07,5.207105263157895637e-07
5.633157894736841858e-07,5.205000000000000352e-07
6.585686274509805072e-07,5.194705882352942063e-07
7.381851851851852499e-07,5.206049382716049879e-07
8.325000000000000761e-07,5.195769230769230916e-07
8.715921052631579934e-07,5.211710526315790051e-07
1.049903614457831345e-06,5.205542168674699265e-07
1.261797101449275277e-06,5.204927536231884021e-07
1.477869565217391319e-06,5.199710144927536770e-07
1.013000000000000005e-07,5.211875000000000604e-07
5.077738095238095155e-07,5.222738095238095461e-07
9.116625000000001208e-07,5.217250000000000743e-07
1.009573529411764788e-06,5.217058823529412338e-07
1.368679012345679030e-06,5.216296296296296830e-07
2.605384615384615492e-07,5.228846153846154198e-07
3.987090909090909047e-07,5.222000000000000570e-07
4.530930232558139525e-07,5.233372093023256599e-07
7.776515151515152106e-07,5.224696969696970310e-07
9.666231884057972125e-07,5.217246376811593603e-07
1.115584415584415744e-06,5.227402597402597004e-07
1.221397260273972679e-06,5.227671232876712963e-07
1.327451219512195284e-06,5.232317073170731839e-07
1.163600000000000043e-07,5.228799999999999811e-07
1.316712328767123558e-07,5.240410958904109614e-07
2.450677966101695098e-07,5.224745762711865668e-07
6.427500000000000082e-07,5.238472222222222207e-07
1.437333333333333393e-06,5.233589743589744488e-07
1.504388059701492504e-06,5.232835820895523283e-07
2.762236842105263242e-07,5.243947368421053068e-07
5.481666666666666982e-07,5.245769230769231497e-07
6.833058823529411985e-07,5.248235294117647919e-07
7.237594936708860709e-07,5.249873417721519333e-07
8.185000000000000831e-07,5.231599999999999809e-07
1.035290322580645219e-06,5.241129032258064850e-07
1.076057971014492800e-06,5.246811594202898929e-07
1.181492307692307958e-06,5.239999999999999805e-07
2.580645161290322475e-09,5.260806451612904458e-07
2.908208955223881119e-07,5.255373134328358742e-07
8.571445783132530543e-07,5.255542168674699845e-07
9.946835443037974740e-07,5.255569620253164848e-07
1.288173076923076986e-06,5.249230769230769241e-07
1.465285714285714408e-07,5.257857142857143399e-07
3.064999999999999983e-07,5.260526315789473806e-07
4.378571428571428547e-07,5.268181818181819142e-07
4.932799999999999807e-07,5.266133333333333478e-07
5.879733333333333626e-07,5.266000000000000700e-07
8.973835616438356257e-07,5.259589041095891499e-07
9.519538461538461966e-07,5.257846153846153200e-07
1.141521126760563564e-06,5.263098591549295496e-07
1.246852941176470579e-06,5.264117647058823776e-07
1.396771929824561417e-06,5.263157894736841588e-07
1.463485294117647225e-06,5.261029411764706396e-07
1.529860759493670935e-06,5.269620253164557331e-07
1.729487179487179703e-08,5.275000000000000317e-07
1.619014084507042321e-07,5.272394366197183354e-07
3.216708860759493472e-07,5.275822784810126680e-07
7.631290322580645891e-07,5.269193548387096792e-07
1.207333333333333265e-06,5.280266666666666250e-07
1.353830769230769234e-06,5.272153846153846990e-07
3.230263157894736982e-08,5.282236842105263573e-07
1.770000000000000100e-07,5.286184210526315777e-07
3.518152173913043901e-07,5.290652173913044189e-07
3.667160493827160666e-07,5.288765432098766208e-07
3.818260869565217643e-07,5.288550724637681175e-07
6.279565217391303720e-07,5.279420289855073220e-07
8.028548387096774952e-07,5.278548387096774811e-07
1.101820512820513041e-06,5.283205128205128351e-07
1.313423529411764852e-06,5.291411764705882284e-07
1.422518072289156775e-06,5.286506024096385525e-07
1.489609756097560961e-06,5.290609756097560864e-07
4.754929577464788977e-08,5.295774647887324837e-07
1.921486486486486485e-07,5.296081081081081465e-07
3.368281250000000070e-07,5.288281250000000852e-07
5.328888888888889137e-07,5.286666666666666096e-07
6.688115942028985666e-07,5.293333333333333616e-07
7.094492753623189326e-07,5.291159420289855330e-07
8.427042253521127300e-07,5.297323943661971931e-07
1.061939024390244012e-06,5.301341463414634402e-07
1.273375000000000111e-06,5.300250000000000626e-07
6.262857142857142406e-08,5.308714285714286296e-07
4.233728813559322248e-07,5.302711864406780068e-07
1.167373333333333270e-06,5.305866666666667750e-07
1.380694444444444472e-06,5.306111111111111530e-07
2.072207792207792094e-07,5.314545454545454946e-07
5.734430379746836020e-07,5.311012658227848497e-07
7.487804878048781079e-07,5.309878048780488522e-07
8.826438356164384010e-07,5.315616438356164329e-07
9.230588235294118184e-07,5.309705882352942233e-07
1.127125000000000029e-06,5.318611111111111411e-07
7.781690140845070835e-08,5.320563380281689989e-07
5.183855421686747002e-07,5.327349397590361792e-07
9.380645161290323345e-07,5.321451612903226403e-07
9.809322033898306422e-07,5.315254237288135274e-07
1.233400000000000126e-06,5.318727272727273538e-07
1.338649122807017712e-06,5.320701754385964911e-07
1.448871794871795081e-06,5.323846153846153924e-07
1.516014285714285745e-06,5.328000000000000064e-07
2.218484848484848654e-07,5.329393939393940300e-07
4.088620689655172994e-07,5.324999999999999838e-07
4.637875000000000361e-07,5.334250000000000004e-07
6.131896551724138405e-07,5.331896551724138653e-07
6.531875000000000248e-07,5.334531250000000621e-07
1.087658536585365964e-06,5.335731707317074435e-07
1.192769230769230872e-06,5.332820512820513274e-07
9.279999999999999718e-08,5.340400000000000360e-07
2.369393939393939471e-07,5.341515151515151279e-07
5.589285714285715073e-07,5.346000000000000357e-07
6.946376811594202666e-07,5.342898550724638327e-07
7.886567164179105660e-07,5.338059701492538022e-07
8.280579710144928029e-07,5.339999999999999907e-07
1.298676470588235516e-06,5.344264705882352732e-07
1.408638888888889063e-06,5.340277777777778999e-07
1.475103448275862201e-06,5.350229885057470893e-07
1.078611111111111163e-07,5.354305555555555419e-07
2.518630136986301322e-07,5.351917808219179058e-07
7.344626865671642381e-07,5.350597014925373790e-07
8.679655172413793492e-07,5.358390804597701294e-07
1.047647887323943832e-06,5.355633802816901684e-07
1.153397058823529649e-06,5.351617647058823997e-07
1.259264705882353092e-06,5.350000000000000658e-07
2.667875000000000588e-07,5.364250000000000140e-07
5.040833333333333704e-07,5.370714285714285660e-07
5.987283950617284423e-07,5.364444444444444658e-07
9.079240506329115087e-07,5.366202531645569699e-07
1.004840000000000149e-06,5.362800000000000349e-07
1.365555555555555704e-06,5.362638888888889026e-07
1.230298507462686595e-07,5.369104477611940875e-07
6.389390243902439962e-07,5.380853658536585888e-07
1.113454545454545597e-06,5.373636363636363760e-07
1.219098765432099006e-06,5.372716049382716715e-07
1.325074074074074303e-06,5.380493827160494253e-07
1.378787878787878766e-07,5.388030303030302856e-07
2.819253731343283955e-07,5.378955223880597019e-07
2.975694444444444659e-07,5.386666666666666197e-07
4.488888888888889556e-07,5.377936507936509248e-07
5.437468354430379779e-07,5.386708860759493977e-07
7.742424242424243052e-07,5.380454545454544935e-07
9.650704225352112615e-07,5.385492957746479454e-07
1.073380952380952333e-06,5.391666666666666573e-07
1.434580246913580214e-06,5.384444444444445102e-07
1.501101265822784880e-06,5.385316455696203698e-07
3.127179487179487572e-07,5.397948717948718435e-07
6.796619718309859500e-07,5.393943661971830993e-07
7.203283582089552640e-07,5.395671641791044709e-07
8.138484848484849255e-07,5.389393939393940573e-07
8.533333333333334571e-07,5.399523809523810474e-07
1.178918032786885382e-06,5.391475409836065581e-07
1.284584415584415736e-06,5.396493506493506670e-07
7.544117647058823546e-09,5.396764705882352441e-07
1.525652173913043496e-07,5.396521739130435345e-07
1.676794871794872032e-07,5.408589743589743871e-07
1.139123456790123545e-06,5.410123456790124031e-07
1.244500000000000113e-06,5.411219512195121889e-07
1.391215384615384707e-06,5.399538461538461601e-07
2.378461538461538762e-08,5.408615384615384139e-07
3.587971014492754097e-07,5.415362318840579785e-07
3.742564102564102847e-07,5.416794871794871906e-07
5.842266666666667180e-07,5.409999999999999872e-07
6.241891891891892052e-07,5.418513513513513596e-07
8.932467532467532528e-07,5.417402597402597514e-07
9.908266666666668781e-07,5.420000000000000623e-07
1.034015384615384764e-06,5.414615384615384589e-07
1.460642857142857158e-06,5.410857142857143247e-07
3.844827586206897277e-08,5.421206896551725180e-07
5.339473684210526482e-08,5.426973684210526571e-07
1.829436619718309846e-07,5.421126760563380616e-07
3.428032786885246064e-07,5.417049180327868316e-07
3.893529411764706359e-07,5.426911764705882935e-07
4.348666666666667093e-07,5.414333333333333178e-07
5.287407407407407872e-07,5.433333333333333546e-07
7.599285714285714675e-07,5.420000000000000623e-07
1.099287499999999976e-06,5.425375000000000762e-07
1.204554216867469963e-06,5.429036144578312654e-07
1.527875000000000173e-06,5.416875000000000123e-07
1.975211267605633964e-07,5.433943661971831881e-07
7.056282051282051067e-07,5.434615384615385033e-07
7.996029411764706468e-07,5.435882352941177539e-07
9.512727272727273109e-07,5.424545454545455799e-07
1.311292682926829353e-06,5.435609756097561170e-07
1.420558441558441535e-06,5.433376623376623616e-07
1.487000000000000120e-06,5.437951807228916639e-07
6.871428571428570944e-08,5.446071428571429338e-07
4.172089552238806376e-07,5.445970149253732384e-07
6.640000000000000165e-07,5.440000000000000008e-07
8.385185185185185684e-07,5.448148148148147906e-07
1.058914893617021427e-06,5.450638297872340670e-07
1.270544303797468429e-06,5.450379746835443370e-07
1.377500000000000152e-06,5.450000000000000759e-07
2.127272727272727359e-07,5.444545454545455184e-07
4.737464788732394578e-07,5.453661971830986532e-07
1.164811594202898667e-06,5.452753623188406518e-07
8.336363636363636054e-08,5.461636363636364019e-07
2.278428571428571572e-07,5.459285714285714835e-07
5.699454545454546667e-07,5.452727272727273018e-07
8.785416666666666902e-07,5.460000000000000452e-07
9.200000000000000854e-07,5.459508196721311734e-07
1.124766233766233653e-06,5.466883116883117261e-07
1.230306818181818224e-06,5.469545454545454944e-07
1.336961538461538614e-06,5.469102564102565374e-07
9.830487804878049505e-08,5.476097560975610229e-07
2.427432432432432719e-07,5.474729729729730344e-07
4.595000000000000051e-07,5.476250000000000084e-07
5.145344827586207550e-07,5.470344827586207614e-07
6.091066666666667661e-07,5.473066666666666759e-07
6.496951219512195722e-07,5.481219512195121854e-07
7.456119402985074475e-07,5.468059701492538260e-07
7.850000000000000015e-07,5.477638888888889195e-07
9.372608695652174017e-07,5.469855072463767482e-07
6.904262295081967410e-07,5.479999999999999837e-07
9.765600000000000572e-07,5.484800000000001044e-07
1.084851351351351391e-06,5.484189189189189684e-07
1.190375000000000017e-06,5.481499999999999949e-07
1.404828571428571425e-06,5.484714285714285754e-07
1.512602564102564376e-06,5.480769230769231152e-07
1.131967213114754269e-07,5.492622950819671632e-07
2.579324324324324634e-07,5.490135135135135676e-07
2.730270270270270402e-07,5.498378378378378165e-07
5.547361111111111126e-07,5.489444444444444520e-07
8.247605633802818067e-07,5.490563380281690055e-07
1.150673469387755223e-06,5.502959183673470323e-07
1.280833333333333387e-07,5.505714285714286273e-07
8.640897435897435904e-07,5.504487179487179426e-07
1.003706666666666872e-06,5.510266666666666589e-07
1.256443037974683670e-06,5.501012658227849007e-07
1.472610389610389714e-06,5.500649350649351322e-07
4.998611111111110663e-07,5.512916666666666682e-07
5.945375000000000654e-07,5.512125000000000397e-07
6.352073170731707724e-07,5.522682926829268315e-07
7.704285714285715152e-07,5.522738095238095765e-07
1.045171428571428622e-06,5.512142857142856823e-07
1.110592105263157950e-06,5.518289473684210342e-07
1.362782608695652399e-06,5.510869565217391711e-07
1.431186440677966279e-07,5.521016949152543353e-07
2.873000000000000381e-07,5.510200000000000200e-07
3.039599999999999769e-07,5.521866666666665978e-07
9.621060606060607876e-07,5.527272727272728158e-07
1.216554054054053950e-06,5.522702702702703544e-07
1.322855421686747038e-06,5.528915662650602592e-07
1.421666666666666824e-08,5.530333333333333422e-07
2.971875000000000266e-08,5.536875000000000669e-07
1.586250000000000059e-07,5.530416666666666938e-07
5.395223880597015125e-07,5.528805970149254153e-07
6.746499999999999696e-07,5.530166666666666390e-07
7.164520547945205833e-07,5.538219178082192351e-07
8.100823529411765504e-07,5.535764705882353355e-07
9.034400000000001542e-07,5.528666666666667336e-07
1.070967032967032999e-06,5.541758241758242360e-07
1.431632352941176660e-06,5.530735294117647967e-07
1.498774647887323964e-06,5.530000000000000417e-07
1.739000000000000153e-07,5.545428571428571643e-07
3.189322033898305642e-07,5.534745762711865665e-07
3.338769230769230633e-07,5.540000000000000109e-07
3.487222222222222457e-07,5.547083333333334151e-07
5.802625000000001046e-07,5.552250000000000500e-07
8.495000000000000828e-07,5.546216216216217336e-07
1.281961038961039009e-06,5.544805194805194643e-07
1.388935064935064959e-06,5.545064935064935060e-07
4.451515151515151912e-08,5.551363636363636460e-07
1.886543209876543520e-07,5.555432098765432086e-07
3.638985507246376960e-07,5.555362318840580774e-07
3.791898734177215625e-07,5.554810126582278872e-07
8.888589743589743798e-07,5.560512820512821783e-07
1.031092105263157906e-06,5.559342105263158343e-07
1.136862499999999993e-06,5.559125000000000752e-07
1.242441860465116350e-06,5.559186046511628079e-07
1.348493670886076083e-06,5.560759493670885775e-07
1.457602739726027632e-06,5.558630136986301544e-07
2.040000000000000003e-07,5.565492957746479213e-07
3.941547619047619265e-07,5.571904761904762243e-07
4.840476190476190164e-07,5.560634920634920866e-07
6.208356164383562507e-07,5.564794520547945495e-07
7.559493670886076629e-07,5.567088607594936347e-07
9.482537313432835730e-07,5.569552238805970661e-07
1.525128571428571570e-06,5.561571428571428486e-07
5.920547945205479727e-08,5.570684931506850279e-07
2.187037037037037018e-07,5.573827160493826935e-07
6.609756097560976473e-07,5.580243902439024553e-07
7.013827160493827124e-07,5.577407407407408484e-07
9.900985915492957073e-07,5.569014084507042619e-07
1.096617283950617373e-06,5.577037037037037066e-07
1.202575342465753616e-06,5.577123287671233396e-07
1.308554216867469942e-06,5.581445783132530371e-07
4.100800000000000298e-07,5.581866666666666251e-07
5.655454545454545479e-07,5.587792207792208206e-07
7.958400000000001171e-07,5.582933333333333774e-07
9.270000000000000819e-07,5.579999999999999938e-07
7.418461538461539225e-08,5.590000000000000689e-07
8.931578947368421621e-08,5.596184210526315773e-07
2.336533333333333503e-07,5.595200000000000233e-07
4.694705882352941556e-07,5.594470588235294956e-07
8.354109589041096489e-07,5.592328767123287839e-07
1.267712328767123424e-06,5.597945205479452398e-07
1.374826666666666717e-06,5.597333333333334221e-07
1.415392857142857253e-06,5.582142857142856788e-07
1.484306666666666768e-06,5.588933333333333166e-07
2.942696629213483279e-07,5.632584269662922584e-07
7.413218390804597894e-07,5.613218390804598188e-07
8.746081081081082315e-07,5.606891891891891990e-07
1.056632352941176650e-06,5.597941176470588089e-07
1.162105263157894767e-06,5.601973684210525954e-07
2.486212121212121234e-07,5.608030303030302443e-07
5.109692307692307888e-07,5.609076923076922919e-07
1.122438356164383528e-06,5.616438356164383191e-07
1.228397260273972570e-06,5.617534246575341975e-07
1.334500000000000098e-06,5.617619047619048064e-07
1.443818181818181774e-06,5.608030303030302443e-07
1.038392857142857146e-07,5.613214285714285879e-07
2.641617647058823686e-07,5.620294117647059422e-07
4.542777777777777847e-07,5.613148148148148655e-07
6.048636363636363650e-07,5.618636363636364167e-07
6.456447368421053106e-07,5.626578947368420812e-07
6.866984126984127430e-07,5.618253968253969436e-07
7.814305555555556007e-07,5.622638888888889501e-07
1.017070175438596506e-06,5.614736842105264201e-07
1.510275862068965707e-06,5.618448275862068798e-07
2.793333333333333200e-07,5.632800000000000517e-07
5.503026315789474025e-07,5.632236842105263398e-07
9.132000000000001039e-07,5.632666666666666679e-07
9.765616438356164075e-07,5.633561643835617094e-07
1.082556962025316509e-06,5.634683544303797306e-07
1.188658227848101193e-06,5.631518987341772020e-07
1.294589743589743746e-06,5.634487179487179664e-07
1.400813333333333275e-06,5.632266666666667285e-07
1.347142857142857313e-07,5.642857142857143736e-07
8.213239436619719265e-07,5.638028169014084957e-07
8.601976744186047079e-07,5.647093023255814008e-07
1.253868421052631749e-06,5.647105263157894813e-07
1.469454545454545662e-06,5.644545454545455386e-07
5.036585365853658464e-09,5.652317073170732688e-07
1.494637681159420283e-07,5.650579710144927376e-07
4.954237288135593127e-07,5.651525423728813846e-07
7.270000000000000910e-07,5.649999999999999903e-07
1.148320512820512934e-06,5.653461538461538706e-07
1.646052631578947616e-07,5.666973684210526603e-07
3.095857142857142965e-07,5.659000000000000579e-07
3.251076923076923642e-07,5.662000000000000805e-07
5.356710526315790357e-07,5.668947368421053234e-07
5.908730158730159753e-07,5.658253968253969265e-07
6.314929577464788917e-07,5.667323943661971142e-07
7.667250000000000579e-07,5.668750000000000782e-07
8.989759036144578514e-07,5.671686746987952166e-07
1.001225806451613039e-06,5.661774193548387372e-07
1.359985915492957871e-06,5.659577464788732495e-07
1.996721311475409914e-08,5.667868852459016962e-07
3.400735294117647290e-07,5.672941176470588430e-07
1.108405063291139301e-06,5.672911392405064245e-07
1.174612499999999971e-06,5.681749999999999642e-07
1.214060606060606036e-06,5.668484848484848975e-07
1.320443037974683819e-06,5.671518987341771849e-07
1.427000000000000059e-06,5.672857142857143872e-07
1.495788732394366399e-06,5.673239436619719019e-07
3.497058823529411627e-08,5.680588235294117232e-07
1.803278688524590100e-07,5.680491803278688757e-07
3.551518987341772453e-07,5.684303797468355276e-07
3.710277777777777771e-07,5.683888888888889338e-07
6.715468750000000475e-07,5.680937499999999978e-07
7.123783783783783753e-07,5.685000000000000415e-07
8.068428571428571670e-07,5.680857142857143415e-07
9.381538461538462186e-07,5.681153846153847013e-07
9.624642857142857683e-07,5.673392857142856762e-07
1.068217948717948819e-06,5.686794871794872073e-07
1.948550724637681443e-07,5.691304347826087339e-07
3.857777777777777735e-07,5.696111111111111185e-07
4.008625000000000202e-07,5.701500000000000596e-07
5.759859154929577330e-07,5.698873239436619431e-07
8.457428571428572308e-07,5.695428571428571266e-07
1.279768115942029038e-06,5.693913043478261494e-07
1.387369047619047781e-06,5.693452380952381448e-07
5.067605633802817253e-08,5.698591549295774697e-07
1.029192307692307739e-06,5.707307692307692688e-07
1.134282051282051269e-06,5.709102564102565405e-07
1.239855421686746943e-06,5.704216867469879502e-07
1.346036144578313376e-06,5.713614457831326259e-07
1.455021978021978113e-06,5.703846153846153885e-07
1.521500000000000171e-06,5.706515151515151172e-07
2.095833333333333472e-07,5.708833333333334127e-07
2.240405405405405735e-07,5.719594594594595663e-07
4.782318840579710076e-07,5.714057971014492482e-07
5.211212121212121614e-07,5.709696969696970748e-07
6.974756097560976366e-07,5.719146341463414774e-07
8.847826086956521684e-07,5.715942028985507562e-07
1.200666666666666804e-06,5.722051282051281612e-07
6.151408450704226196e-07,5.719859154929577501e-07
6.569634146341464336e-07,5.725365853658536108e-07
7.925616438356164539e-07,5.728630136986301611e-07
9.240531914893617451e-07,5.728723404255319740e-07
9.879466666666667888e-07,5.723466666666666936e-07
1.093935483870967862e-06,5.725645161290322975e-07
1.306209876543209980e-06,5.729012345679012643e-07
1.412349999999999912e-06,5.720166666666666900e-07
1.481215189873417855e-06,5.732278481012659461e-07
7.990322580645161841e-08,5.726451612903226125e-07
9.522471910112360458e-08,5.733370786516854567e-07
2.398028169014084532e-07,5.731408450704225347e-07
4.154528301886792624e-07,5.720943396226415313e-07
4.300000000000000123e-07,5.725000000000000244e-07
4.632424242424242865e-07,5.732424242424242392e-07
5.615000000000000450e-07,5.732432432432432205e-07
1.265698630136986527e-06,5.740684931506850346e-07
2.549166666666666895e-07,5.741388888888889423e-07
4.446153846153846873e-07,5.737500000000000124e-07
5.062380952380952808e-07,5.746785714285715259e-07
8.312089552238806125e-07,5.741044776119403028e-07
1.053909090909091160e-06,5.739848484848485598e-07
1.160052631578947367e-06,5.747236842105263568e-07
1.371941176470588443e-06,5.744823529411765318e-07
1.103214285714285728e-07,5.750000000000000004e-07
2.856626506024096825e-07,5.772891566265060256e-07
8.704933333333334334e-07,5.756266666666667071e-07
1.507551724137931034e-06,5.761724137931034930e-07
1.251818181818182067e-07,5.761969696969697328e-07
2.715833333333333201e-07,5.760972222222222286e-07
5.464615384615385170e-07,5.773736263736264570e-07
6.006500000000000217e-07,5.761750000000000358e-07
6.422878787878787550e-07,5.763939393939393900e-07
7.383888888888890002e-07,5.753333333333334294e-07
1.015089552238805940e-06,5.759104477611940529e-07
1.120317073170731653e-06,5.763536585365854499e-07
1.331843373493975850e-06,5.764578313253012383e-07
3.003043478260869359e-07,5.777101449275362779e-07
7.777763157894737170e-07,5.769736842105264199e-07
9.097682926829269026e-07,5.776463414634146397e-07
9.492881355932203816e-07,5.770847457627119659e-07
1.186375000000000140e-06,5.778500000000001087e-07
1.115789473684210591e-08,5.789210526315790028e-07
1.403188405797101723e-07,5.776811594202899572e-07
9.738095238095238134e-07,5.778888888888889064e-07
1.080207792207792157e-06,5.786103896103895699e-07
1.399270270270270249e-06,5.779729729729731023e-07
1.554864864864865006e-07,5.788243243243243689e-07
1.705512820512820417e-07,5.802692307692307013e-07
3.310000000000000390e-07,5.799767441860465289e-07
4.914328358208955894e-07,5.791044776119403608e-07
8.173521126760564169e-07,5.791126760563380886e-07
1.251962962962963111e-06,5.793086419753086864e-07
1.466987654320987790e-06,5.792716049382716505e-07
2.637037037037037342e-08,5.803209876543210715e-07
3.462272727272727601e-07,5.806590909090908631e-07
5.862602739726027174e-07,5.802465753424658377e-07
1.146040540540540650e-06,5.800405405405405849e-07
1.358121212121212152e-06,5.799696969696970098e-07
4.135555555555555971e-08,5.817000000000000803e-07
1.853382352941176529e-07,5.812352941176471167e-07
3.614285714285714924e-07,5.817532467532468128e-07
5.317317073170731872e-07,5.816219512195122670e-07
7.634657534246575786e-07,5.813150684931507044e-07
8.561428571428571651e-07,5.803392857142856999e-07
8.951012658227848798e-07,5.817468354430379741e-07
9.996142857142859123e-07,5.809857142857142518e-07
1.212024096385542245e-06,5.814096385542169132e-07
1.493313953488372161e-06,5.819069767441860907e-07
2.006184210526316052e-07,5.827631578947369187e-07
3.765522388059701521e-07,5.818805970149253706e-07
6.254605263157894925e-07,5.829736842105263413e-07
6.679558823529412099e-07,5.823970588235294199e-07
7.087714285714286542e-07,5.827142857142857195e-07
9.356567164179105985e-07,5.821641791044776876e-07
1.105739726027397240e-06,5.820410958904109778e-07
1.172380281690140985e-06,5.825070422535211529e-07
1.317848101265822873e-06,5.824430379746835370e-07
1.423950819672131068e-06,5.815573770491803627e-07
3.918399999999999935e-07,5.833999999999999963e-07
4.066849315068493017e-07,5.835068493150685888e-07
8.028219178082192016e-07,5.835068493150685888e-07
8.421463414634147119e-07,5.843902439024390021e-07
1.065911392405063292e-06,5.834810126582278732e-07
1.383467532467532468e-06,5.837402597402597305e-07
2.154000000000000097e-07,5.837500000000000226e-07
4.213580246913580733e-07,5.846049382716050316e-07
5.169999999999999840e-07,5.852771084337349750e-07
5.716849315068494160e-07,5.839863013698629771e-07
7.488876404494382162e-07,5.848764044943819619e-07
1.452632911392405089e-06,5.848101265822784934e-07
2.300985915492957840e-07,5.854647887323944564e-07
4.361375000000000234e-07,5.855750000000001067e-07
4.733454545454546090e-07,5.854181818181817639e-07
1.026418918918918987e-06,5.856486486486486450e-07
1.131800000000000116e-06,5.854875000000000207e-07
1.237230769230769367e-06,5.853205128205128823e-07
1.519466666666666826e-06,5.850000000000000106e-07
8.614062500000000641e-08,5.858593749999999891e-07
2.460806451612903737e-07,5.864032258064516606e-07
6.109882352941177354e-07,5.866117647058824535e-07
6.535000000000000747e-07,5.866315789473684595e-07
6.947647058823529272e-07,5.863235294117647536e-07
8.806666666666666910e-07,5.857777777777778703e-07
9.855500000000000338e-07,5.869875000000000276e-07
1.198035714285714341e-06,5.871190476190475872e-07
1.343560000000000101e-06,5.859733333333334241e-07
1.006712328767123297e-07,5.871506849315068083e-07
2.608695652173913133e-07,5.872318840579710439e-07
4.505892857142857458e-07,5.870357142857143887e-07
5.570684931506850279e-07,5.873561643835617125e-07
7.884666666666667522e-07,5.871866666666666862e-07
1.092000000000000090e-06,5.871230769230769384e-07
1.303884615384615544e-06,5.876794871794872584e-07
1.410387500000000055e-06,5.877500000000000054e-07
7.341358024691358152e-07,5.885802469135802886e-07
9.205324675324676221e-07,5.880259740259740659e-07
1.263438356164383533e-06,5.883561643835616818e-07
1.478776470588235282e-06,5.883058823529411552e-07
1.310897435897436045e-07,5.895512820512821540e-07
2.770000000000000055e-07,5.896406250000000217e-07
5.026438356164384393e-07,5.889863013698630351e-07
8.279154929577465297e-07,5.892535211267605714e-07
1.157325000000000181e-06,5.894750000000000821e-07
1.466933333333333446e-07,5.909333333333333309e-07
2.926229508196721847e-07,5.902459016393443216e-07
3.085769230769231213e-07,5.911410256410256379e-07
5.962083333333333566e-07,5.909583333333333857e-07
6.797733333333333773e-07,5.905466666666666846e-07
8.665512820512821066e-07,5.903846153846154088e-07
1.051098360655737718e-06,5.898032786885246874e-07
1.438411764705882497e-06,5.905000000000000003e-07
2.709677419354838598e-09,5.913225806451614036e-07
7.738717948717949793e-07,5.915256410256409781e-07
9.463220338983051575e-07,5.910508474576271693e-07
1.012136363636363675e-06,5.911363636363637037e-07
1.117724999999999958e-06,5.911749999999999981e-07
1.223283018867924613e-06,5.905849056603773691e-07
1.289157142857142967e-06,5.916000000000000829e-07
1.329493333333333507e-06,5.913733333333334063e-07
1.505481012658228003e-06,5.911898734177215550e-07
1.688157894736842333e-08,5.924605263157895544e-07
1.613943661971831027e-07,5.925633802816901097e-07
3.228529411764706162e-07,5.924117647058823598e-07
5.423600000000000470e-07,5.918800000000000828e-07
9.060606060606060838e-07,5.921515151515151443e-07
1.183700000000000203e-06,5.923375000000000060e-07
1.395848101265823015e-06,5.925569620253165422e-07
3.374999999999999980e-07,5.934418604651162960e-07
6.361408450704226091e-07,5.929859154929577397e-07
7.198055555555555766e-07,5.930555555555555831e-07
8.133625000000000413e-07,5.938749999999999891e-07
1.249197674418604816e-06,5.939767441860465220e-07
1.464506172839506279e-06,5.939382716049382897e-07
3.202898550724637561e-08,5.941304347826088122e-07
1.764637681159420451e-07,5.938405797101448642e-07
1.915324675324675397e-07,5.948701298701299182e-07
3.528571428571428745e-07,5.945952380952381360e-07
3.677435897435897685e-07,5.951282051282051694e-07
4.857000000000000677e-07,5.930199999999999990e-07
5.819552238805970385e-07,5.945820895522388285e-07
8.522771084337350233e-07,5.952168674698795857e-07
9.710416666666666516e-07,5.945277777777778924e-07
1.037239436619718429e-06,5.948450704225352054e-07
1.143136363636363776e-06,5.943333333333333746e-07
1.355378378378378402e-06,5.946891891891892123e-07
1.531363636363636409e-06,5.938909090909090764e-07
4.787692307692308314e-08,5.955230769230769342e-07
3.825205479452054811e-07,5.954383561643835341e-07
7.586923076923077454e-07,5.950461538461538785e-07
2.066111111111111370e-07,5.964305555555555720e-07
5.270263157894737249e-07,5.962631578947368741e-07
8.918382352941177654e-07,5.965294117647058872e-07
9.324142857142857341e-07,5.964142857142857959e-07
9.968472222222221813e-07,5.969166666666666549e-07
1.103589743589743796e-06,5.967948717948718907e-07
1.209500000000000024e-06,5.959571428571429800e-07
1.490696202531645697e-06,5.972784810126582268e-07
6.329032258064515807e-08,5.964516129032259021e-07
2.215405405405405709e-07,5.976891891891892259e-07
3.973714285714286054e-07,5.969142857142857276e-07
4.125810810810811268e-07,5.972297297297297148e-07
6.214473684210526443e-07,5.971447368421053726e-07
6.641016949152542794e-07,5.966610169491525928e-07
7.053125000000000763e-07,5.973125000000000092e-07
1.275253968253968200e-06,5.968888888888889574e-07
1.315723076923077044e-06,5.968153846153846340e-07
1.421714285714285860e-06,5.968412698412698810e-07
4.274545454545454633e-07,5.985454545454545919e-07
7.985866666666667925e-07,5.979466666666667111e-07
1.062743243243243362e-06,5.984864864864864572e-07
1.169671232876712386e-06,5.982054794520548327e-07
1.381051282051282009e-06,5.984743589743590634e-07
7.810344827586206598e-08,5.984137931034482573e-07
2.363015873015873031e-07,5.990634920634920349e-07
4.424390243902439506e-07,5.992926829268292242e-07
4.576461538461538260e-07,5.999230769230769472e-07
5.672121212121212692e-07,5.988484848484848664e-07
7.448923076923076615e-07,5.990769230769231352e-07
9.574305555555556944e-07,5.998055555555555609e-07
1.235242424242424423e-06,5.994848484848485698e-07
1.450275362318840669e-06,5.995652173913044215e-07
1.073766233766233713e-07,6.005194805194805946e-07
2.515128205128205527e-07,5.999102564102564958e-07
6.908117647058823410e-07,6.006352941176470919e-07
8.774743589743590603e-07,6.004102564102565334e-07
1.023554216867469917e-06,6.004698795180723636e-07
1.129285714285714364e-06,6.005844155844156988e-07
1.341520000000000117e-06,6.004400000000000483e-07
1.517300000000000067e-06,6.000000000000000787e-07
1.223048780487805114e-07,6.019390243902439693e-07
2.667283950617284340e-07,6.011975308641976434e-07
5.531506849315069009e-07,6.019863013698630589e-07
6.070000000000000752e-07,6.011142857142858314e-07
7.845714285714286315e-07,6.014821428571429187e-07
1.089324675324675492e-06,6.016753246753247080e-07
1.194953846153846242e-06,6.016923076923078086e-07
4.723454545454545868e-07,6.014545454545455655e-07
9.175625000000000346e-07,6.022812499999999987e-07
1.261433734939759000e-06,6.029999999999999865e-07
1.300540000000000130e-06,6.015400000000000250e-07
1.373670886075949344e-07,6.033670886075950044e-07
2.991159420289855116e-07,6.034637681159420703e-07
6.469705882352941502e-07,6.029411764705883731e-07
7.305616438356164546e-07,6.033561643835617499e-07
8.237631578947369194e-07,6.038421052631579946e-07
9.832916666666666190e-07,6.030277777777778957e-07
1.048927710843373515e-06,6.039277108433735399e-07
1.366927710843373477e-06,6.037831325301204966e-07
1.407161290322580881e-06,6.032096774193549536e-07
1.476352112676056481e-06,6.028309859154930404e-07
8.000000000000000498e-09,6.046521739130435474e-07
1.524933333333333568e-07,6.046266666666666624e-07
1.154904109589041245e-06,6.043150684931506324e-07
1.221538461538461539e-06,6.049871794871794736e-07
2.324390243902439098e-08,6.059024390243902599e-07
1.674375000000000063e-07,6.058875000000000711e-07
3.139746835443037877e-07,6.053544303797469264e-07
3.290779220779221197e-07,6.059090909090909601e-07
6.760000000000000711e-07,6.050597014925373440e-07
7.702567567567568125e-07,6.059729729729730884e-07
8.630000000000000382e-07,6.050000000000000309e-07
9.437910447761194395e-07,6.051343283582089061e-07
1.009333333333333425e-06,6.058194444444445427e-07
1.327151898734177214e-06,6.057088607594937161e-07
1.436082191780821850e-06,6.051232876712329734e-07
3.439624999999999806e-07,6.067375000000000290e-07
5.380895522388059962e-07,6.059104477611940833e-07
1.115285714285714371e-06,6.060000000000000001e-07
1.181277108433734859e-06,6.069397590361445699e-07
1.287500000000000167e-06,6.065405405405405641e-07
1.392789473684210623e-06,6.069473684210526137e-07
1.503470588235294230e-06,6.053529411764706643e-07
3.825806451612903585e-08,6.070645161290323484e-07
1.823428571428571799e-07,6.072000000000000903e-07
3.590140845070422617e-07,6.080000000000000445e-07
6.323797468354430820e-07,6.073164556962026039e-07
7.157162162162163208e-07,6.074189189189189541e-07
8.095000000000000422e-07,6.082093023255813866e-07
9.038472222222221823e-07,6.072499999999999881e-07
1.975844155844155974e-07,6.083636363636364162e-07
3.740752688172043236e-07,6.089677419354839301e-07
1.073909090909090969e-06,6.078939393939394272e-07
1.246839506172839635e-06,6.089259259259260478e-07
1.461365853658536572e-06,6.085000000000000820e-07
1.529533333333333331e-06,6.083600000000000292e-07
5.400000000000000047e-08,6.087258064516129852e-07
4.039156626506024797e-07,6.100361445783133497e-07
5.784210526315789652e-07,6.089868421052631484e-07
9.694705882352941330e-07,6.091617647058823477e-07
1.035074626865671817e-06,6.094477611940298096e-07
1.140635135135135222e-06,6.101351351351351769e-07
1.353162162162162111e-06,6.092837837837838045e-07
6.861333333333333628e-08,6.102400000000000434e-07
2.129014084507042256e-07,6.099014084507043262e-07
3.890625000000000337e-07,6.099218750000000234e-07
5.230000000000000113e-07,6.103134328358209036e-07
7.554625000000000323e-07,6.101625000000000217e-07
8.487794117647058861e-07,6.099264705882353339e-07
2.278285714285714343e-07,6.110714285714286198e-07
4.191506849315068921e-07,6.111917808219178981e-07
4.341066666666666946e-07,6.119200000000000425e-07
9.291447368421053279e-07,6.108157894736841545e-07
9.954567901234569552e-07,6.117901234567901220e-07
1.100652173913043648e-06,6.112608695652173677e-07
1.422109090909090870e-06,6.111454545454545856e-07
1.487592105263158109e-06,6.117894736842106047e-07
8.358490566037736879e-08,6.114905660377359201e-07
9.797260273972603445e-08,6.124794520547945216e-07
4.489382716049383015e-07,6.125185185185185299e-07
6.185961538461538478e-07,6.115192307692307198e-07
7.013521126760563841e-07,6.119859154929577907e-07
1.272344262295082058e-06,6.123278688524590667e-07
1.313490196078431453e-06,6.115882352941176746e-07
2.580158730158730152e-07,6.134285714285714725e-07
4.638928571428571831e-07,6.134761904761905489e-07
5.638051948051948144e-07,6.132857142857143492e-07
6.577068965517242220e-07,6.131551724137931993e-07
7.950847457627119327e-07,6.127457627118644453e-07
1.060512500000000081e-06,6.132374999999999880e-07
1.165777777777777929e-06,6.132857142857143492e-07
1.378767123287671338e-06,6.131095890410958750e-07
1.132236842105263205e-07,6.142631578947369559e-07
2.732063492063492302e-07,6.141111111111110736e-07
7.408157894736841804e-07,6.138421052631580048e-07
8.743103448275862113e-07,6.153793103448276228e-07
1.233090909090909136e-06,6.139393939393940804e-07
1.339379746835443047e-06,6.152405063291139416e-07
1.447658536585366117e-06,6.145731707317073880e-07
1.514123287671233079e-06,6.146438356164383835e-07
1.288550724637681356e-07,6.152028985507247093e-07
4.789687500000000252e-07,6.150000000000000410e-07
6.035844155844157124e-07,6.158571428571428869e-07
6.866781609195402391e-07,6.151839080459769702e-07
9.551940298507463623e-07,6.147611940298507883e-07
1.020800000000000035e-06,6.151428571428571643e-07
1.126622222222222349e-06,6.155555555555555795e-07
1.299333333333333401e-06,6.152800000000000409e-07
1.437042253521126779e-07,6.166760563380282181e-07
5.488428571428571596e-07,6.160714285714285719e-07
6.432857142857143796e-07,6.171904761904761792e-07
7.806486486486486838e-07,6.164324324324323979e-07
9.151481481481481710e-07,6.165679012345679646e-07
1.192671641791044886e-06,6.163432835820895345e-07
1.473588235294117744e-06,6.174588235294118347e-07
1.365116279069767397e-08,6.183720930232558916e-07
3.055176470588235131e-07,6.177882352941176110e-07
4.946111111111110954e-07,6.163888888888889401e-07
7.263181818181818676e-07,6.179090909090909088e-07
9.815416666666665934e-07,6.175000000000000171e-07
1.086986301369862968e-06,6.174657534246576212e-07
1.258608108108108176e-06,6.179189189189190018e-07
1.584507042253521417e-07,6.178450704225352393e-07
2.901805555555555395e-07,6.180555555555555555e-07
3.204078947368420924e-07,6.186184210526315630e-07
8.198281250000000307e-07,6.183593749999999956e-07
1.046258426966292229e-06,6.190561797752809936e-07
1.152376470588235536e-06,6.191058823529412457e-07
1.730819672131147605e-07,6.193278688524590632e-07
3.353164556962025505e-07,6.196835443037974645e-07
5.886052631578946672e-07,6.195263157894736863e-07
6.722181818181819324e-07,6.192000000000000389e-07
7.664242424242424195e-07,6.199393939393940018e-07
9.412500000000000937e-07,6.199090909090909531e-07
1.218928571428571435e-06,6.195952380952381084e-07
2.920000000000000008e-08,6.201857142857143382e-07
1.887733333333333614e-07,6.205866666666667603e-07
3.502674418604651501e-07,6.207093023255813728e-07
5.336857142857142981e-07,6.205571428571428165e-07
8.599487179487179016e-07,6.207307692307693195e-07
1.006851351351351460e-06,6.206216216216217158e-07
1.325141025641025725e-06,6.207692307692307794e-07
1.433880952380952312e-06,6.205000000000000307e-07
4.493939393939394175e-08,6.208484848484849310e-07
2.039861111111111251e-07,6.220694444444444930e-07
3.652151898734177612e-07,6.216708860759493866e-07
6.285443037974684775e-07,6.219620253164556705e-07
1.112588235294117727e-06,6.207500000000000495e-07
1.284935064935064981e-06,6.213116883116883566e-07
1.499313432835821201e-06,6.209104477611941514e-07
5.965384615384615404e-08,6.224230769230769435e-07
3.805657894736842202e-07,6.224868421052632097e-07
3.955180722891566448e-07,6.232530120481928326e-07
7.116753246753247136e-07,6.223636363636364092e-07
9.008714285714286869e-07,6.221142857142858209e-07
1.072540540540540634e-06,6.226891891891891983e-07
1.178828947368421130e-06,6.222236842105264314e-07
1.392288461538461555e-06,6.216538461538462631e-07
2.193157894736842289e-07,6.231710526315790450e-07
4.103947368421052653e-07,6.234736842105264194e-07
9.680175438596491750e-07,6.230701754385965515e-07
1.244542857142857228e-06,6.237000000000000593e-07
1.459461538461538712e-06,6.233846153846153470e-07
1.526281250000000067e-06,6.229843750000000784e-07
7.518840579710145160e-08,6.237101449275362398e-07
4.254024390243902517e-07,6.243170731707317639e-07
5.186891891891892200e-07,6.240000000000000819e-07
5.738253968253968922e-07,6.243015873015873893e-07
8.054500000000000556e-07,6.231833333333333186e-07
1.138322033898305077e-06,6.239152542372881609e-07
1.204843373493975838e-06,6.251445783132529886e-07
1.351128571428571414e-06,6.239571428571429661e-07
8.923999999999999706e-08,6.242400000000000364e-07
1.041081081081081150e-07,6.260810810810810732e-07
2.492272727272727253e-07,6.254393939393939914e-07
4.405955056179775709e-07,6.256629213483146256e-07
7.514133333333332962e-07,6.255866666666667125e-07
8.851406250000000936e-07,6.251406250000000418e-07
9.266470588235294485e-07,6.256588235294118155e-07
1.032353846153846308e-06,6.250000000000000511e-07
1.310652777777777960e-06,6.251944444444444631e-07
1.419567567567567675e-06,6.260135135135136351e-07
2.644044943820224554e-07,6.267640449438202133e-07
4.554743589743589608e-07,6.263333333333334493e-07
4.701604938271605594e-07,6.271604938271605491e-07
6.140821917808220334e-07,6.261369863013699212e-07
6.973513513513513954e-07,6.261486486486487231e-07
8.456052631578947053e-07,6.264210526315789715e-07
1.098739130434782671e-06,6.264782608695652645e-07
1.485385542168674823e-06,6.267349397590361475e-07
1.198412698412698316e-07,6.272063492063492501e-07
5.591807228915662672e-07,6.273253012048193371e-07
7.912077922077922563e-07,6.271428571428571130e-07
9.928309859154930122e-07,6.274366197183099621e-07
1.270500000000000160e-06,6.269999999999999896e-07
4.852031250000000370e-07,6.282968750000000804e-07
5.042459016393443191e-07,6.279344262295082357e-07
6.536363636363636347e-07,6.278181818181818789e-07
1.058597402597402612e-06,6.283376623376623948e-07
1.163969230769230826e-06,6.282923076923076894e-07
1.230205479452054880e-06,6.284520547945206423e-07
1.378594594594594577e-06,6.280810810810811176e-07
1.511170731707317248e-06,6.287560975609756306e-07
1.344666666666666664e-07,6.290399999999999735e-07
2.794339622641509639e-07,6.285471698113207687e-07
6.826500000000000413e-07,6.296875000000000592e-07
8.714408602150538529e-07,6.304193548387097258e-07
9.531060606060606408e-07,6.292727272727272598e-07
1.337135135135135374e-06,6.299324324324324592e-07
1.445342105263158006e-06,6.295657894736841867e-07
1.495454545454545551e-07,6.304545454545455208e-07
2.977794117647058888e-07,6.306911764705883403e-07
5.442800000000000007e-07,6.305333333333333414e-07
5.992530120481928294e-07,6.301927710843373238e-07
1.124126760563380295e-06,6.298732394366197672e-07
1.190390243902439214e-06,6.309390243902440305e-07
1.296708333333333362e-06,6.305555555555555417e-07
4.328767123287671661e-09,6.308493150684932192e-07
1.648684210526315928e-07,6.315000000000000101e-07
3.121774193548387127e-07,6.307741935483870694e-07
7.770461538461538935e-07,6.316923076923077331e-07
8.314477611940298652e-07,6.316119402985074590e-07
9.124683544303797985e-07,6.311772151898734732e-07
1.018877192982456105e-06,6.305964912280702105e-07
1.084055555555555731e-06,6.318055555555555298e-07
1.970833333333333279e-08,6.321388888888889587e-07
1.799090909090909307e-07,6.328333333333334083e-07
3.268888888888889484e-07,6.323333333333333707e-07
3.418082191780822313e-07,6.328630136986301160e-07
6.394594594594595553e-07,6.324729729729730676e-07
7.225270270270269823e-07,6.323513513513513825e-07
9.785000000000000335e-07,6.327105263157895078e-07
1.256413333333333437e-06,6.323733333333334161e-07
1.406153846153846227e-06,6.317692307692307588e-07
1.471376623376623475e-06,6.326363636363636452e-07
3.512307692307692555e-08,6.331230769230770062e-07
5.848026315789474533e-07,6.339342105263158710e-07
6.675468750000000646e-07,6.332812499999999983e-07
1.150240000000000061e-06,6.337600000000000316e-07
1.216186666666666826e-06,6.338933333333333397e-07
1.364111111111111198e-06,6.331428571428571402e-07
5.004938271604938335e-08,6.349259259259259895e-07
1.946025641025641414e-07,6.344230769230769980e-07
3.566666666666667105e-07,6.345200000000000464e-07
3.718604651162790835e-07,6.353837209302326630e-07
5.291194029850746649e-07,6.348059701492537670e-07
7.622337662337662368e-07,6.348701298701298529e-07
1.044443037974683624e-06,6.341518987341772422e-07
1.431484848484848502e-06,6.346212121212121123e-07
6.578378378378378836e-08,6.357297297297297485e-07
2.099866666666666967e-07,6.351333333333333693e-07
8.572588235294118512e-07,6.359176470588235600e-07
9.385000000000000989e-07,6.350000000000000613e-07
1.004493333333333442e-06,6.356266666666666621e-07
1.110234567901234698e-06,6.353703703703703144e-07
1.322671052631578976e-06,6.354210526315790124e-07
1.497692307692307785e-06,6.356153846153846903e-07
2.252328767123287842e-07,6.367397260273973681e-07
3.872465753424657903e-07,6.359452054794520913e-07
4.021999999999999884e-07,6.364142857142857305e-07
4.169275362318840810e-07,6.369565217391304129e-07
8.173571428571429905e-07,6.363928571428571726e-07
8.985571428571428441e-07,6.366714285714286373e-07
1.176144927536232075e-06,6.364637681159420084e-07
1.282845238095238069e-06,6.361785714285714876e-07
8.040000000000000526e-08,6.369500000000001019e-07
5.691044776119403507e-07,6.379701492537314712e-07
6.241304347826087367e-07,6.370289855072464263e-07
7.076166666666667131e-07,6.366166666666666729e-07
9.646756756756756550e-07,6.378783783783783898e-07
1.070324324324324343e-06,6.372027027027027377e-07
1.390285714285714279e-06,6.369999999999999998e-07
1.457109890109890111e-06,6.381538461538462322e-07
1.523565217391304278e-06,6.372173913043479343e-07
9.472881355932204431e-08,6.377796610169492073e-07
2.411111111111111084e-07,6.378148148148147895e-07
4.320000000000000037e-07,6.375737704918033979e-07
4.468399999999999963e-07,6.377800000000000372e-07
4.611692307692307532e-07,6.387538461538461713e-07
5.150677966101695188e-07,6.380169491525424167e-07
1.242479452054794737e-06,6.384794520547945691e-07
1.108750000000000052e-07,6.397954545454545146e-07
2.556707317073170502e-07,6.395243902439024373e-07
7.471891891891892345e-07,6.397972972972973813e-07
1.030588235294117708e-06,6.395882352941177665e-07
1.135707692307692277e-06,6.389076923076923286e-07
1.202250000000000009e-06,6.397857142857143284e-07
1.348718750000000147e-06,6.388906250000000161e-07
4.935094339622641941e-07,6.404150943396226821e-07
6.096296296296297299e-07,6.405185185185185160e-07
6.933766233766233644e-07,6.404545454545455310e-07
8.426125000000000153e-07,6.412000000000001035e-07
8.829206349206349665e-07,6.398253968253968744e-07
9.245833333333334102e-07,6.404583333333333988e-07
1.308402439024390416e-06,6.402804878048781091e-07
1.418045977011494277e-06,6.405402298850575009e-07
1.259166666666666858e-07,6.416527777777778859e-07
4.762469135802469684e-07,6.412345679012346139e-07
5.545952380952380954e-07,6.415714285714285819e-07
7.874230769230769519e-07,6.418333333333334492e-07
9.898666666666666366e-07,6.417733333333333811e-07
1.096242424242424356e-06,6.408333333333333740e-07
1.268302631578947347e-06,6.417763157894736639e-07
1.483234567901234769e-06,6.416296296296296988e-07
1.412318840579710207e-07,6.424782608695653019e-07
2.873857142857143227e-07,6.417000000000000352e-07
1.056316455696202667e-06,6.428734177215190156e-07
1.375493975903614600e-06,6.427710843373494457e-07
1.560126582278481163e-07,6.437974683544304627e-07
6.498695652173912628e-07,6.436521739130435128e-07
7.327857142857143274e-07,6.434142857142857271e-07
9.502823529411764955e-07,6.438705882352941291e-07
1.228421052631578989e-06,6.434210526315789782e-07
1.064000000000000131e-08,6.444933333333333949e-07
3.179218750000000028e-07,6.440625000000000274e-07
5.952195121951220685e-07,6.443536585365854765e-07
6.785000000000000471e-07,6.443500000000000226e-07
1.122136986301370022e-06,6.444383561643836155e-07
1.334402597402597389e-06,6.446623376623377414e-07
1.443304347826087099e-06,6.442318840579710911e-07
1.509848484848484805e-06,6.436666666666666732e-07
2.635526315789473792e-08,6.455789473684210895e-07
1.714683544303797674e-07,6.451772151898734662e-07
3.330000000000000305e-07,6.454935064935065456e-07
5.399824561403509347e-07,6.447017543859650207e-07
7.724800000000000985e-07,6.454666666666667025e-07
8.284487179487179703e-07,6.459615384615384749e-07
8.684558823529412385e-07,6.450588235294117907e-07
9.105058823529412213e-07,6.458941176470588189e-07
1.016320000000000037e-06,6.449866666666666877e-07
1.187762500000000217e-06,6.456749999999999633e-07
1.294202702702702864e-06,6.454054054054054414e-07
1.858970588235294362e-07,6.464117647058823934e-07
7.185890410958904226e-07,6.465753424657534549e-07
1.082104477611940458e-06,6.465820895522388177e-07
1.468913978494623745e-06,6.472150537634409557e-07
4.123943661971831136e-08,6.469295774647888265e-07
2.006493506493506623e-07,6.475844155844156300e-07
3.485500000000000340e-07,6.469333333333333029e-07
3.631558441558441521e-07,6.478961038961039183e-07
6.345789473684211101e-07,6.481684210526316655e-07
6.639354838709677434e-07,6.474677419354839638e-07
9.762658227848100968e-07,6.474936708860760392e-07
1.254455696202531748e-06,6.473417721518986773e-07
1.403250000000000075e-06,6.464464285714285776e-07
5.690140845070422496e-08,6.479014084507043224e-07
2.158933333333333554e-07,6.486666666666666253e-07
3.776849315068492935e-07,6.486575342465753551e-07
5.791944444444445012e-07,6.479722222222221758e-07
1.042146341463414703e-06,6.485609756097560646e-07
1.147988372093023298e-06,6.484883720930232520e-07
1.214000000000000150e-06,6.490000000000000543e-07
1.361253521126760443e-06,6.479154929577464532e-07
7.211864406779661417e-08,6.492033898305085800e-07
2.321014492753623205e-07,6.495217391304347794e-07
3.933157894736842252e-07,6.496184210526315627e-07
9.368461538461538289e-07,6.496000000000000994e-07
1.320075000000000232e-06,6.501749999999999837e-07
4.079295774647887642e-07,6.503380281690141275e-07
7.576436781609195323e-07,6.503563218390804760e-07
8.136727272727272435e-07,6.502000000000000386e-07
1.002186666666666630e-06,6.505333333333333616e-07
1.107944444444444415e-06,6.508222222222222840e-07
1.280200000000000042e-06,6.507999999999999777e-07
1.429085714285714229e-06,6.508714285714286453e-07
8.685507246376811685e-08,6.508695652173913380e-07
4.232567567567567890e-07,6.510270270270270104e-07
6.196081081081081319e-07,6.516486486486487331e-07
8.965217391304348074e-07,6.514347826086956500e-07
1.068104651162790864e-06,6.519069767441860557e-07
1.173851851851851966e-06,6.514691358024692553e-07
1.387015625000000053e-06,6.515156250000000646e-07
1.494426229508196688e-06,6.509999999999999928e-07
1.016338028169014096e-07,6.526901408450705125e-07
2.467857142857142901e-07,6.511964285714286168e-07
4.375584415584416401e-07,6.522597402597402729e-07
5.649999999999999903e-07,6.524096385542168475e-07
7.031449275362319030e-07,6.518695652173913072e-07
7.980540540540540605e-07,6.525270270270270172e-07
1.454958333333333287e-06,6.528333333333334286e-07
1.521964705882353135e-06,6.522117647058824056e-07
2.633561643835616700e-07,6.531232876712329797e-07
4.678115942028986064e-07,6.534347826086956944e-07
7.430963855421687886e-07,6.536626506024096426e-07
9.622926829268293909e-07,6.533292682926830559e-07
1.240053333333333309e-06,6.533466666666667440e-07
1.346279411764705887e-06,6.535882352941177595e-07
2.781594202898550561e-07,6.538550724637681913e-07
4.526415094339622724e-07,6.535471698113207411e-07
4.826399999999999860e-07,6.541200000000000366e-07
5.122727272727272577e-07,6.537272727272727806e-07
6.049891304347826341e-07,6.549130434782609077e-07
9.218904109589041456e-07,6.549178082191781198e-07
1.028159420289855022e-06,6.544202898550725033e-07
1.133666666666666852e-06,6.540634920634920377e-07
1.199592105263158072e-06,6.547894736842105530e-07
1.305986111111111226e-06,6.546250000000000004e-07
1.321754385964912470e-07,6.544385964912281467e-07
1.472499999999999984e-07,6.558684210526316087e-07
4.977031250000000232e-07,6.547343750000000285e-07
6.885479452054795173e-07,6.549863013698630173e-07
8.402727272727273361e-07,6.556363636363636791e-07
8.826619718309859546e-07,6.549436619718310289e-07
1.093188405797101568e-06,6.554057971014493122e-07
1.414914634146341601e-06,6.555365853658537055e-07
2.932394366197183312e-07,6.559436619718311040e-07
5.500000000000000281e-07,6.555000000000000132e-07
7.834729729729730830e-07,6.563378378378378768e-07
9.879054054054055504e-07,6.567027027027027204e-07
1.372789473684210815e-06,6.572236842105264139e-07
1.480337349397590382e-06,6.563132530120482760e-07
2.745454545454545825e-09,6.570000000000000200e-07
1.622941176470588295e-07,6.572647058823529686e-07
3.090410958904110082e-07,6.573150684931506967e-07
1.053720930232558269e-06,6.576744186046512113e-07
1.159415730337078837e-06,6.578764044943820465e-07
1.226050632911392483e-06,6.581392405063291230e-07
1.265704918032787015e-06,6.568032786885246388e-07
1.713157894736842226e-08,6.582763157894736330e-07
3.241714285714286117e-07,6.583571428571429035e-07
5.907692307692307490e-07,6.581538461538462524e-07
6.737820512820512951e-07,6.582820512820512952e-07
7.279571428571429444e-07,6.579428571428572035e-07
9.482409638554217750e-07,6.588795180722891597e-07
3.240789473684210760e-08,6.592105263157894870e-07
1.764769230769230700e-07,6.585230769230770087e-07
1.915405405405405670e-07,6.595810810810810489e-07
3.390869565217391256e-07,6.590144927536233306e-07
3.540752688172043034e-07,6.600000000000000337e-07
6.444727272727273430e-07,6.587818181818182202e-07
7.680886075949367453e-07,6.597594936708861331e-07
1.119821917808219406e-06,6.596438356164383761e-07
1.332064935064935120e-06,6.593896103896104778e-07
1.507854838709677522e-06,6.588548387096774763e-07
8.678307692307692491e-07,6.602307692307693225e-07
9.078846153846154394e-07,6.605512820512821942e-07
1.014194444444444466e-06,6.599444444444445328e-07
1.079539473684210700e-06,6.609868421052631375e-07
1.185895348837209282e-06,6.604418604651163533e-07
1.398697368421052699e-06,6.603947368421053599e-07
6.289473684210527048e-08,6.612368421052631563e-07
2.069054054054054258e-07,6.611351351351350910e-07
2.224657534246575385e-07,6.616712328767123371e-07
3.844512195121951120e-07,6.620121951219512029e-07
6.584366197183099618e-07,6.613943661971831595e-07
8.265862068965517576e-07,6.610344827586207499e-07
1.251947368421052791e-06,6.622315789473685276e-07
1.292051724137930937e-06,6.609482758620690412e-07
3.689692307692307614e-07,6.615076923076923325e-07
5.754062500000000442e-07,6.621562499999999971e-07
6.296507936507936194e-07,6.621269841269841406e-07
7.132063492063492526e-07,6.622698412698413698e-07
9.739759036144578745e-07,6.624457831325301185e-07
1.358731343283582282e-06,6.623880597014926666e-07
1.466552238805970092e-06,6.620746268656717460e-07
1.531508771929824723e-06,6.626666666666666183e-07
3.995333333333334037e-07,6.628933333333334008e-07
4.141466666666666667e-07,6.635866666666667086e-07
8.079761904761905502e-07,6.638452380952381506e-07
9.339518072289156954e-07,6.642409638554217201e-07
1.039858974358974501e-06,6.633333333333333704e-07
1.145226190476190476e-06,6.634523809523810084e-07
9.243243243243244385e-08,6.646081081081081245e-07
2.369295774647887550e-07,6.636338028169014392e-07
4.293095238095238279e-07,6.642380952380951868e-07
5.350895522388059826e-07,6.639104477611940997e-07
7.531052631578947439e-07,6.638421052631579496e-07
9.996399999999999701e-07,6.654800000000001066e-07
1.211958333333333242e-06,6.643472222222221884e-07
2.545084745762712330e-07,6.655762711864406676e-07
4.444230769230769113e-07,6.652692307692307345e-07
5.205730337078652747e-07,6.656404494382023418e-07
6.988611111111110880e-07,6.659166666666666507e-07
8.543181818181819549e-07,6.658030303030302978e-07
8.939841269841270830e-07,6.655714285714285850e-07
1.105876712328767247e-06,6.652739726027397875e-07
1.278000000000000088e-06,6.658390804597701553e-07
1.318054794520548174e-06,6.651095890410959700e-07
1.384292682926829332e-06,6.658048780487804747e-07
1.491431034482758752e-06,6.651206896551724415e-07
1.086451612903225869e-07,6.661290322580645014e-07
2.695301204819277240e-07,6.666144578313253892e-07
4.593521126760563611e-07,6.658732394366198249e-07
5.055500000000000767e-07,6.672124999999999667e-07
5.602580645161290249e-07,6.660645161290323341e-07
6.149531250000000441e-07,6.657656250000000764e-07
7.933222222222222961e-07,6.670555555555556370e-07
1.171466666666666727e-06,6.668800000000000000e-07
1.232459016393442824e-07,6.670327868852459447e-07
4.750666666666667119e-07,6.666000000000001060e-07
4.897875000000000307e-07,6.674250000000000092e-07
9.594375000000001631e-07,6.679375000000000741e-07
1.065493506493506548e-06,6.670649350649351344e-07
1.237716216216216363e-06,6.677702702702703497e-07
6.000722891566266004e-07,6.687951807228916318e-07
7.395072463768117103e-07,6.681159420289854939e-07
1.131575342465753576e-06,6.686712328767123337e-07
1.343835820895522486e-06,6.680597014925374185e-07
1.450953125000000066e-06,6.677656250000000149e-07
2.860689655172414345e-07,6.686034482758621721e-07
6.838875000000001078e-07,6.693125000000000186e-07
7.788181818181818943e-07,6.703535353535353287e-07
8.798522727272727755e-07,6.701931818181819391e-07
9.195581395348837658e-07,6.696976744186046895e-07
1.197341772151898917e-06,6.694936708860759980e-07
1.303576470588235249e-06,6.695529411764706171e-07
1.409971830985915579e-06,6.694366197183099412e-07
1.518228571428571687e-06,6.691714285714286437e-07
8.696969696969698595e-09,6.705000000000000814e-07
1.527846153846154079e-07,6.706153846153846728e-07
3.004520547945205640e-07,6.697945205479452454e-07
3.154736842105263084e-07,6.706052631578946868e-07
3.308076923076923160e-07,6.711666666666666216e-07
1.025677966101694872e-06,6.697796610169491762e-07
1.091125000000000078e-06,6.697343749999999908e-07
8.400158730158730651e-07,6.707936507936508584e-07
1.263515625000000092e-06,6.709531250000000161e-07
1.370277108433734871e-06,6.715060240963855588e-07
1.478416666666666812e-06,6.709027777777778600e-07
2.352173913043478219e-08,6.717391304347826727e-07
1.827012987012987168e-07,6.721948051948052949e-07
3.453389830508474514e-07,6.718983050847458253e-07
6.684216867469880071e-07,6.727228915662650930e-07
7.236388888888889509e-07,6.726527777777778856e-07
9.854153846153847124e-07,6.717076923076923576e-07
1.051565789473684233e-06,6.726710526315789522e-07
3.849180327868852201e-08,6.725409836065573601e-07
5.391549295774648110e-08,6.737746478873239221e-07
1.980714285714285876e-07,6.730000000000000574e-07
5.852500000000000294e-07,6.743452380952380924e-07
9.454200000000000047e-07,6.729600000000001179e-07
1.156672131147541170e-06,6.729180327868852711e-07
1.223363636363636351e-06,6.737532467532468425e-07
1.329744186046511782e-06,6.739302325581395440e-07
2.130875000000000213e-07,6.744250000000000057e-07
3.597014925373134284e-07,6.738656716417911514e-07
7.635737704918033351e-07,6.741147540983607275e-07
8.656470588235294184e-07,6.748588235294118061e-07
1.011734177215189970e-06,6.747341772151899566e-07
1.117435294117647167e-06,6.744941176470588500e-07
1.395872093023255859e-06,6.751395348837209613e-07
1.504150684931507092e-06,6.747260273972603001e-07
6.880000000000000726e-08,6.750461538461538537e-07
2.285135135135135233e-07,6.755270270270270511e-07
3.910468750000000438e-07,6.747656250000000114e-07
4.051184210526315637e-07,6.760394736842105613e-07
6.527260273972603413e-07,6.760547945205480102e-07
9.055285714285715007e-07,6.755000000000000335e-07
1.077487804878048829e-06,6.761219512195122728e-07
1.183277108433735009e-06,6.758915662650601827e-07
1.289269230769230711e-06,6.753205128205128677e-07
2.433833333333333190e-07,6.762000000000000861e-07
4.208243243243243569e-07,6.766216216216216879e-07
5.442638888888889742e-07,6.761666666666666797e-07
5.702608695652174638e-07,6.765652173913043831e-07
7.089833333333334119e-07,6.762999999999999877e-07
9.713529411764706329e-07,6.769529411764706437e-07
1.249409638554216913e-06,6.768795180722891356e-07
8.373972602739726026e-08,6.769589041095891653e-07
1.037584269662921474e-06,6.782247191011236767e-07
1.462135135135135236e-06,6.772297297297296900e-07
9.856896551724139004e-08,6.778793103448275538e-07
4.359726027397260700e-07,6.778493150684932562e-07
4.512837837837838456e-07,6.784054054054054855e-07
4.668809523809524541e-07,6.785000000000000471e-07
5.288082191780821985e-07,6.781643835616438271e-07
6.377833333333333567e-07,6.781666666666666182e-07
8.030000000000000833e-07,6.778333333333334010e-07
9.311772151898734597e-07,6.791645569620253572e-07
1.142749999999999986e-06,6.774464285714285772e-07
1.421802631578947444e-06,6.783026315789474899e-07
1.142222222222222303e-07,6.792222222222221942e-07
2.608064516129032545e-07,6.789193548387096638e-07
4.816615384615385190e-07,6.791384615384616580e-07
5.135373134328359256e-07,6.791343283582089599e-07
8.911470588235294284e-07,6.797205882352941755e-07
1.490147058823529644e-06,6.794558823529412269e-07
1.530709677419355073e-06,6.787419354838709921e-07
1.295131578947368537e-07,6.805526315789474472e-07
2.766153846153846653e-07,6.800641025641026283e-07
4.976406249999999920e-07,6.798125000000000663e-07
6.938873239436620476e-07,6.801830985915493426e-07
8.515000000000000213e-07,6.806315789473685336e-07
1.103741935483871052e-06,6.799354838709677808e-07
1.209824561403508806e-06,6.797368421052631698e-07
1.274931506849315283e-06,6.807945205479453307e-07
1.315986111111111130e-06,6.799444444444444471e-07
1.382150943396226453e-06,6.800188679245282993e-07
6.235138888888889989e-07,6.808194444444444599e-07
7.885820895522388981e-07,6.812238805970150270e-07
9.969565217391303542e-07,6.808550724637682080e-07
1.448034090909091177e-06,6.822500000000000112e-07
1.440895522388059622e-07,6.824776119402986037e-07
2.912394366197183397e-07,6.820563380281690450e-07
3.063614457831325690e-07,6.831325301204818828e-07
7.482950819672132053e-07,6.821967213114753737e-07
9.575800000000000289e-07,6.822400000000000528e-07
1.063405405405405505e-06,6.817432432432432192e-07
1.235115789473684153e-06,6.832736842105263593e-07
1.590000000000000076e-07,6.837464788732394589e-07
6.086461538461539473e-07,6.829846153846153777e-07
6.784814814814815821e-07,6.838888888888889291e-07
1.023137500000000078e-06,6.841500000000000481e-07
1.129556962025316441e-06,6.834683544303797464e-07
1.341794117647058797e-06,6.828382352941177336e-07
1.407862500000000024e-06,6.839750000000000879e-07
1.516010752688172139e-06,6.844408602150538857e-07
1.498387096774193699e-08,6.839354838709677637e-07
3.372533333333333516e-07,6.850400000000000514e-07
7.338589743589743816e-07,6.843333333333334658e-07
9.168840579710145773e-07,6.844202898550725337e-07
1.195576923076923163e-06,6.843974358974359342e-07
1.301750000000000073e-06,6.844473684210526128e-07
2.949019607843137406e-08,6.851960784313726861e-07
1.739104477611940531e-07,6.850895522388060288e-07
1.890526315789473937e-07,6.854473684210526880e-07
3.217733333333333215e-07,6.847600000000000516e-07
7.736865671641792074e-07,6.847313432835821497e-07
8.369545454545455766e-07,6.851363636363636719e-07
8.770571428571429229e-07,6.846571428571428677e-07
4.504347826086956633e-08,6.859420289855073340e-07
2.042784810126582414e-07,6.864430379746836213e-07
3.519210526315789951e-07,6.863421052631579459e-07
5.942567567567568247e-07,6.859864864864864665e-07
6.633924050632910981e-07,6.870632911392405562e-07
7.190947368421053231e-07,6.871263157894736828e-07
1.049070422535211431e-06,6.869295774647887611e-07
1.261231707317073254e-06,6.863536585365854555e-07
1.367880952380952436e-06,6.865000000000000129e-07
1.433365853658536586e-06,6.871341463414634829e-07
5.981538461538461651e-08,6.872307692307693393e-07
2.195189873417721571e-07,6.877088607594936298e-07
3.668529411764706396e-07,6.871323529411765247e-07
3.819358974358974846e-07,6.876153846153846795e-07
1.155346153846153939e-06,6.866923076923077359e-07
1.327904255319148994e-06,6.884468085106383804e-07
1.473491525423728888e-06,6.864915254237288419e-07
2.347105263157894909e-07,6.888026315789474317e-07
3.969104477611940514e-07,6.882388059701492724e-07
5.794307692307692872e-07,6.883538461538461920e-07
9.428196721311475895e-07,6.883114754098361017e-07
1.115392405063291175e-06,6.887341772151899496e-07
1.220938271604938491e-06,6.884814814814815922e-07
7.500000000000000984e-08,6.890000000000000948e-07
2.498805970149253623e-07,6.896268656716418302e-07
4.122465753424657627e-07,6.889452054794520498e-07
6.474375000000000163e-07,6.898000000000000490e-07
8.629538461538461805e-07,6.895538461538461762e-07
1.008750000000000083e-06,6.894473684210526708e-07
1.393518518518518549e-06,6.898148148148147787e-07
1.501478260869565357e-06,6.892608695652174044e-07
9.066666666666667121e-08,6.900634920634920954e-07
4.272535211267605766e-07,6.898309859154930121e-07
7.041973684210526143e-07,6.907500000000000145e-07
1.181126760563380342e-06,6.899577464788732481e-07
1.287776119402985306e-06,6.899253731343283961e-07
1.055072463768116050e-07,6.915652173913044512e-07
4.426666666666667130e-07,6.909275362318840199e-07
4.582608695652174138e-07,6.910579710144927806e-07
4.733333333333333366e-07,6.916818181818181509e-07
4.889384615384615563e-07,6.917692307692307137e-07
5.492741935483870874e-07,6.908709677419354870e-07
5.634444444444444826e-07,6.905714285714285574e-07
6.323670886075949597e-07,6.918860759493671134e-07
9.681162790697675275e-07,6.918372093023256136e-07
1.074871428571428736e-06,6.911571428571429325e-07
1.141923076923076904e-06,6.916538461538462281e-07
1.247190476190476182e-06,6.920714285714285642e-07
1.353520000000000172e-06,6.918533333333334166e-07
1.459554216867470063e-06,6.917228915662650382e-07
2.673709677419354866e-07,6.920645161290323816e-07
5.055972222222222260e-07,6.918194444444445452e-07
5.197037037037037105e-07,6.921296296296296812e-07
5.343066666666666521e-07,6.918933333333333561e-07
8.103965517241379822e-07,6.920689655172413907e-07
1.034523809523809703e-06,6.933809523809524772e-07
1.527810126582278507e-06,6.927088607594936878e-07
1.205972222222222328e-07,6.928888888888889700e-07
7.572318840579710045e-07,6.928985507246376377e-07
9.283506493506495079e-07,6.936623376623377169e-07
1.207267441860465214e-06,6.939767441860465174e-07
1.419584415584415714e-06,6.931818181818181577e-07
1.352837837837837953e-07,6.943108108108108554e-07
2.822702702702702925e-07,6.941891891891891702e-07
6.177468354430380317e-07,6.943797468354430813e-07
6.885394736842105475e-07,6.943289473684210463e-07
8.884268292682926637e-07,6.950609756097560641e-07
1.313880000000000116e-06,6.943600000000000316e-07
1.487500000000000158e-06,6.943333333333333700e-07
2.974800000000000406e-07,6.954400000000000916e-07
7.429565217391304356e-07,6.955797101449275944e-07
7.953731343283582455e-07,6.948955223880597446e-07
8.491898734177215624e-07,6.955189873417721843e-07
9.946986301369862842e-07,6.951506849315068754e-07
1.272789473684210714e-06,6.952368421052631696e-07
1.379637681159420378e-06,6.953768115942029262e-07
5.935483870967742519e-09,6.956129032258065583e-07
1.500158730158730275e-07,6.957460317460317544e-07
3.126585365853659195e-07,6.971463414634146179e-07
1.060531645569620306e-06,6.961772151898734862e-07
2.054666666666666933e-08,6.973333333333333837e-07
3.610465116279069564e-08,6.985465116279070205e-07
1.653384615384615438e-07,6.971230769230769440e-07
3.280000000000000254e-07,6.979285714285714682e-07
6.028395061728395329e-07,6.973827160493827296e-07
9.538787878787879042e-07,6.976969696969697554e-07
1.233011764705882524e-06,6.977882352941176921e-07
1.339629629629629729e-06,6.976296296296296708e-07
1.445306451612903253e-06,6.970645161290323337e-07
1.957066666666666774e-07,6.986000000000000749e-07
6.728833333333333467e-07,6.974166666666666880e-07
7.286447368421054053e-07,6.988157894736842013e-07
7.809104477611941018e-07,6.979104477611941130e-07
1.126716216216216282e-06,6.979594594594595034e-07
1.299655555555555624e-06,6.993888888888889289e-07
5.106060606060606423e-08,6.991515151515151363e-07
1.804776119402985290e-07,6.987014925373135391e-07
3.434642857142857444e-07,6.989642857142856653e-07
3.582888888888889252e-07,6.996555555555556509e-07
3.735542168674699469e-07,7.001445783132530116e-07
1.020089552238806104e-06,6.989104477611940822e-07
1.192797619047619113e-06,6.992380952380952752e-07
1.405140624999999985e-06,6.992187500000000552e-07
1.513042857142857283e-06,6.989428571428572133e-07
2.106250000000000216e-07,7.001000000000000817e-07
2.256753246753246763e-07,7.008701298701299410e-07
3.887558139534884191e-07,7.009883720930232787e-07
5.886727272727272801e-07,6.999818181818182450e-07
6.573943661971831766e-07,7.007042253521126496e-07
8.349746835443039135e-07,7.004556962025316307e-07
8.739705882352941580e-07,6.999411764705883549e-07
9.137352941176471096e-07,6.998088235294117747e-07
9.800561797752811160e-07,7.008651685393258855e-07
6.630645161290323999e-08,7.011935483870968629e-07
2.411891891891892299e-07,7.017702702702703630e-07
4.036835443037974891e-07,7.013924050632912001e-07
1.086939393939394041e-06,7.008484848484849062e-07
1.153160000000000196e-06,7.017066666666667350e-07
1.258662650602409779e-06,7.014096385542168231e-07
1.365235294117647149e-06,7.014470588235294701e-07
1.431619718309859197e-06,7.016901408450704880e-07
1.470907692307692473e-06,7.009692307692307696e-07
8.168918918918919794e-08,7.023648648648649622e-07
4.187746478873239813e-07,7.019154929577464867e-07
5.721558441558442369e-07,7.032597402597402928e-07
7.139210526315789808e-07,7.023157894736842525e-07
9.398518518518518562e-07,7.028888888888889801e-07
1.046050632911392300e-06,7.028734177215190764e-07
1.112645569620253184e-06,7.031012658227848546e-07
1.218548780487804988e-06,7.035609756097560674e-07
9.652857142857142983e-08,7.035571428571429112e-07
2.559285714285714543e-07,7.030000000000000878e-07
4.340000000000000481e-07,7.028805970149253556e-07
4.498275862068966152e-07,7.031724137931035052e-07
5.568767123287670820e-07,7.038082191780822170e-07
6.417894736842105293e-07,7.035657894736842406e-07
1.325262500000000172e-06,7.035125000000000469e-07
1.498934210526315954e-06,7.036973684210526826e-07
4.656119402985074814e-07,7.036865671641791364e-07
4.806000000000000022e-07,7.042307692307693459e-07
4.971718750000000230e-07,7.041250000000000135e-07
5.124675324675324644e-07,7.048181818181819464e-07
5.273289473684210994e-07,7.048947368421053150e-07
5.423472222222222341e-07,7.041111111111111648e-07
6.985121951219512981e-07,7.050000000000000263e-07
8.995714285714285893e-07,7.045324675324675938e-07
1.006146666666666674e-06,7.047733333333333497e-07
1.178387500000000201e-06,7.049500000000001285e-07
1.391339999999999964e-06,7.049600000000000869e-07
1.119393939393939395e-07,7.050303030303030750e-07
6.269315068493150921e-07,7.059726027397259731e-07
8.204032258064516648e-07,7.043709677419355483e-07
1.072602564102564354e-06,7.056025641025640981e-07
1.285029411764705839e-06,7.051323529411765006e-07
1.266212121212121427e-07,7.064848484848485618e-07
7.520121951219512941e-07,7.063048780487804469e-07
8.058529411764706928e-07,7.061323529411764699e-07
8.598245614035088744e-07,7.055614035087719612e-07
9.655731707317075002e-07,7.066585365853658212e-07
1.138821917808219352e-06,7.063835616438356756e-07
1.457202380952381138e-06,7.065000000000000331e-07
1.524670588235294340e-06,7.075294117647058620e-07
1.414477611940298541e-07,7.078059701492538515e-07
6.828133333333334363e-07,7.076933333333333785e-07
1.244468354430379860e-06,7.070759493670885929e-07
1.351189189189189190e-06,7.071351351351351588e-07
1.417056338028169102e-06,7.078732394366198039e-07
2.892933333333333906e-07,7.079733333333333783e-07
6.123536585365854017e-07,7.086829268292683271e-07
7.911777777777778435e-07,7.091555555555556235e-07
9.259295774647888234e-07,7.080704225352113293e-07
1.031885714285714458e-06,7.080714285714286016e-07
1.204541666666666830e-06,7.087361111111111417e-07
1.311406976744186158e-06,7.088023255813954318e-07
3.042131147540983607e-07,7.088688524590163511e-07
8.459000000000000241e-07,7.098571428571429610e-07
8.850116279069767618e-07,7.095581395348837647e-07
9.914777777777777511e-07,7.098222222222222697e-07
1.271010309278350491e-06,7.107422680412372088e-07
1.377084337349397653e-06,7.103614457831325868e-07
1.485111111111111183e-06,7.091428571428571325e-07
1.194117647058823595e-08,7.099705882352942247e-07
1.719178082191780962e-07,7.102602739726027160e-07
6.682894736842106144e-07,7.108289473684211212e-07
7.376500000000000441e-07,7.101499999999999897e-07
1.097926470588235363e-06,7.101176470588236288e-07
1.164435897435897457e-06,7.109102564102564707e-07
2.701639344262295418e-08,7.109180327868852673e-07
1.870000000000000201e-07,7.112328767123288745e-07
3.185733333333333458e-07,7.107466666666667153e-07
5.976500000000000081e-07,7.111500000000000649e-07
9.513456790123458240e-07,7.122345679012345482e-07
1.057973684210526346e-06,7.113421052631579183e-07
1.442972602739726074e-06,7.118219178082192470e-07
2.015866666666666745e-07,7.124133333333333308e-07
3.328448275862069336e-07,7.114655172413793441e-07
3.499420289855072899e-07,7.122608695652174383e-07
3.650568181818182288e-07,7.130909090909091380e-07
1.124819444444444359e-06,7.126388888888889715e-07
1.230227848101265860e-06,7.127721518987342138e-07
1.337013333333333352e-06,7.128933333333333456e-07
5.679710144927536568e-08,7.128405797101449107e-07
2.169761904761904859e-07,7.133214285714285725e-07
7.232716049382716694e-07,7.133209876543211110e-07
7.758250000000001063e-07,7.135625000000000608e-07
9.107972972972973066e-07,7.140540540540541024e-07
1.403240506329113957e-06,7.138354430379746888e-07
1.510407894736842240e-06,7.131184210526315688e-07
7.267500000000000722e-08,7.147250000000000687e-07
2.325000000000000239e-07,7.142307692307693560e-07
3.800000000000000146e-07,7.140000000000000672e-07
3.956296296296296400e-07,7.141234567901234849e-07
4.106329113924050493e-07,7.143670886075949792e-07
6.516891891891891536e-07,7.141621621621622788e-07
8.705974025974026757e-07,7.144025974025973956e-07
1.017373134328358195e-06,7.143880597014926558e-07
1.190467532467532580e-06,7.140909090909092131e-07
1.297202531645569779e-06,7.144936708860759907e-07
2.478196721311475733e-07,7.152786885245902040e-07
4.256493506493506786e-07,7.151818181818182223e-07
4.413472222222222694e-07,7.152361111111111006e-07
4.567702702702702735e-07,7.155810810810811269e-07
5.807500000000000089e-07,7.153750000000000117e-07
8.316346153846154283e-07,7.144230769230769732e-07
9.774133333333334405e-07,7.157866666666667128e-07
1.083810810810811001e-06,7.152027027027027744e-07
1.468734375000000091e-06,7.150625000000000676e-07
8.783823529411765995e-08,7.159117647058823209e-07
4.888709677419355576e-07,7.162741935483871402e-07
5.502784810126581897e-07,7.168987341772152082e-07
5.652948717948718535e-07,7.162948717948718689e-07
7.072647058823530193e-07,7.166323529411765176e-07
1.150373333333333263e-06,7.164133333333333136e-07
1.256474358974359053e-06,7.164230769230769117e-07
1.362575000000000037e-06,7.161625000000000444e-07
1.030632911392405148e-07,7.171012658227848477e-07
2.620740740740741150e-07,7.164814814814815783e-07
5.042467532467532503e-07,7.173376623376624109e-07
5.194533333333333817e-07,7.176666666666666211e-07
5.353478260869565492e-07,7.173043478260870832e-07
6.365616438356164864e-07,7.174794520547945750e-07
7.618088235294117740e-07,7.170000000000000808e-07
9.374567901234568328e-07,7.176543209876543111e-07
1.043579710144927481e-06,7.168405797101448936e-07
1.428544303797468441e-06,7.174556962025316373e-07
6.925764705882354023e-07,7.191411764705883151e-07
1.216565217391304295e-06,7.180144927536233163e-07
1.322791666666666926e-06,7.183055555555555698e-07
1.496000000000000161e-06,7.182857142857144027e-07
1.185084745762711931e-07,7.188813559322034146e-07
6.218023255813954601e-07,7.196162790697674927e-07
8.566987951807229080e-07,7.197831325301205295e-07
8.963750000000000575e-07,7.195000000000000569e-07
1.003531645569620471e-06,7.194430379746835594e-07
1.109436619718309858e-06,7.196056338028169379e-07
1.176615384615384677e-06,7.199230769230769629e-07
1.282959595959596117e-06,7.204747474747474680e-07
1.388911764705882590e-06,7.198382352941177605e-07
1.327547169811320821e-07,7.199811320754717432e-07
2.806956521739130918e-07,7.204202898550725914e-07
7.472564102564103028e-07,7.205769230769231577e-07
8.023882352941177155e-07,7.211294117647059309e-07
1.069487179487179537e-06,7.202948717948718518e-07
3.323529411764706351e-09,7.220588235294117523e-07
1.480163934426229590e-07,7.207049180327869390e-07
2.960405405405405300e-07,7.214189189189190485e-07
9.632162162162162805e-07,7.213918918918919250e-07
1.136355932203389822e-06,7.211864406779661417e-07
1.242328947368421030e-06,7.216315789473684375e-07
1.454253731343283578e-06,7.207014925373134978e-07
1.521938271604938447e-06,7.220123456790124489e-07
1.630000000000000170e-07,7.225000000000000705e-07
6.068181818181818894e-07,7.224545454545455505e-07
1.348405797101449390e-06,7.223478260869565164e-07
1.414772151898734227e-06,7.227341772151899629e-07
1.796666666666666542e-08,7.231666666666667167e-07
1.780972222222222382e-07,7.235833333333334500e-07
6.783000000000000321e-07,7.221399999999999800e-07
7.330000000000000124e-07,7.241369863013699782e-07
9.227976190476190508e-07,7.232976190476190974e-07
1.028761194029850763e-06,7.227611940298508554e-07
1.202818181818181879e-06,7.235844155844157282e-07
1.480064102564102592e-06,7.232820512820513082e-07
3.107142857142857191e-07,7.239714285714285256e-07
3.261445783132530243e-07,7.245542168674699003e-07
3.411014492753623304e-07,7.242173913043479060e-07
6.613866666666666492e-07,7.252133333333334454e-07
7.875945945945946451e-07,7.246621621621622206e-07
8.421333333333333568e-07,7.241866666666666028e-07
8.819189189189190364e-07,7.242297297297297270e-07
9.890641025641025497e-07,7.247307692307692979e-07
1.095474358974359027e-06,7.247948717948718722e-07
1.308588235294117629e-06,7.237205882352941989e-07
3.363461538461538979e-08,7.245192307692307390e-07
4.832876712328767440e-08,7.257260273972603200e-07
1.929393939393939501e-07,7.248484848484849094e-07
2.081857142857143017e-07,7.255142857142857541e-07
3.566818181818182348e-07,7.254545454545455642e-07
1.054646341463414795e-06,7.256829268292683338e-07
1.374458333333333380e-06,7.253611111111111731e-07
6.334920634920635241e-08,7.267142857142857384e-07
3.716285714285714646e-07,7.262428571428571467e-07
3.870793650793651031e-07,7.260476190476190923e-07
9.488607594936710128e-07,7.269493670886076017e-07
1.162588235294117672e-06,7.257205882352941374e-07
1.268676056338028392e-06,7.258309859154930698e-07
1.440448275862069159e-06,7.265287356321839916e-07
2.235000000000000095e-07,7.268378378378378794e-07
2.381733333333333670e-07,7.276666666666666313e-07
4.023734939759036509e-07,7.273734939759037156e-07
5.888030303030303362e-07,7.278181818181818744e-07
6.465061728395061273e-07,7.280617283950618220e-07
1.228233766233766519e-06,7.275714285714285843e-07
1.334607594936708873e-06,7.277341772151899150e-07
1.507409638554217026e-06,7.277469879518072344e-07
7.925423728813561020e-08,7.281355932203390068e-07
2.532151898734177641e-07,7.285949367088608564e-07
4.179166666666667064e-07,7.279444444444444534e-07
4.328714285714285726e-07,7.282285714285714152e-07
4.482179487179487727e-07,7.285769230769231235e-07
4.802535211267606409e-07,7.286056338028169788e-07
5.735810810810810465e-07,7.285810810810810447e-07
7.731428571428571762e-07,7.281269841269841228e-07
1.014544303797468466e-06,7.287468354430380066e-07
1.188451219512195217e-06,7.288902439024390585e-07
1.400132530120482175e-06,7.286144578313253885e-07
4.636176470588235854e-07,7.291176470588235740e-07
4.954285714285715011e-07,7.294642857142857333e-07
5.586500000000000426e-07,7.296250000000000235e-07
8.676385542168674879e-07,7.295542168674699583e-07
9.077027027027027313e-07,7.289054054054054678e-07
1.080897435897435865e-06,7.295128205128206243e-07
1.120760563380281704e-06,7.289436619718310827e-07
1.294954022988505836e-06,7.294597701149426171e-07
1.466271604938271692e-06,7.293086419753087326e-07
9.386363636363636853e-08,7.298636363636364387e-07
2.676271186440678615e-07,7.299152542372880777e-07
5.111891891891891859e-07,7.304189189189189835e-07
5.426969696969697571e-07,7.301212121212121932e-07
7.017746478873239081e-07,7.305633802816902073e-07
9.747567567567568238e-07,7.308243243243244594e-07
1.148931034482758644e-06,7.304482758620689687e-07
1.254674999999999977e-06,7.309750000000000190e-07
1.360306818181818250e-06,7.310681818181819068e-07
1.090303030303030320e-07,7.306060606060606535e-07
5.266250000000000189e-07,7.310499999999999717e-07
6.310000000000000784e-07,7.313333333333333969e-07
7.587532467532468757e-07,7.315714285714285672e-07
8.123544303797469139e-07,7.316835443037975145e-07
1.040694444444444339e-06,7.314027777777778525e-07
1.238382352941176647e-07,7.319852941176471133e-07
1.389295774647887510e-07,7.326760563380282510e-07
9.341250000000000349e-07,7.322656250000000962e-07
1.426121621621621775e-06,7.319324324324323932e-07
6.869610389610389879e-07,7.335324675324675491e-07
1.000303370786517022e-06,7.340561797752809513e-07
1.106698795180723055e-06,7.343975903614457449e-07
1.213847457627118862e-06,7.325593220338983830e-07
1.320938461538461595e-06,7.335384615384616157e-07
1.386099999999999951e-06,7.339444444444444807e-07
1.493098360655737679e-06,7.328032786885247370e-07
2.869824561403509323e-07,7.336140350877194087e-07
6.164153846153846243e-07,7.339384615384615399e-07
8.533000000000000506e-07,7.342571428571428883e-07
8.929104477611941518e-07,7.339104477611940648e-07
1.066404761904761928e-06,7.347500000000000380e-07
1.174208333333333265e-06,7.345972222222221722e-07
9.985507246376813400e-09,7.354347826086957140e-07
1.545483870967742185e-07,7.347419354838710700e-07
1.691917808219178049e-07,7.358767123287671893e-07
6.721097560975610591e-07,7.353048780487805081e-07
7.440985915492957544e-07,7.349014084507042941e-07
7.976493506493506744e-07,7.354805194805195101e-07
1.281387096774193741e-06,7.351290322580646031e-07
1.451957142857142916e-06,7.350571428571428425e-07
1.844133333333333409e-07,7.369999999999999952e-07
9.603648648648648637e-07,7.366891891891891868e-07
1.240456790123456939e-06,7.366543209876543621e-07
1.346345679012345854e-06,7.369506172839506493e-07
1.519000000000000195e-06,7.368088235294118016e-07
2.424615384615384616e-08,7.368153846153846701e-07
3.030307692307692739e-07,7.369076923076922797e-07
3.184444444444444990e-07,7.377083333333333994e-07
1.026366197183098580e-06,7.376901408450705457e-07
1.412263888888888965e-06,7.369722222222221918e-07
3.943283582089551904e-08,7.379552238805971120e-07
1.995555555555555602e-07,7.383611111111110910e-07
2.145000000000000215e-07,7.387631578947368862e-07
3.333214285714285580e-07,7.373928571428571374e-07
8.379146341463414505e-07,7.385731707317073866e-07
9.192439024390244137e-07,7.381097560975610413e-07
1.092284090909091026e-06,7.392045454545455384e-07
1.478082191780822041e-06,7.385616438356165263e-07
5.488405797101449510e-08,7.390144927536233058e-07
7.031250000000000178e-08,7.401375000000000986e-07
3.933200000000000306e-07,7.398133333333334835e-07
5.982794117647059128e-07,7.391470588235294437e-07
6.564025974025974850e-07,7.395454545454545972e-07
7.295000000000000670e-07,7.388676470588235653e-07
8.791358024691358033e-07,7.396049382716050299e-07
1.159847058823529393e-06,7.397411764705882745e-07
1.306046875000000177e-06,7.392343750000000241e-07
1.372114942528735703e-06,7.399310344827586207e-07
2.296987951807229184e-07,7.403493975903614949e-07
3.634142857142857080e-07,7.399000000000000014e-07
3.781392405063291040e-07,7.404050632911391820e-07
4.095000000000000074e-07,7.405000000000000464e-07
5.818289473684210646e-07,7.408552631578947765e-07
7.832352941176471520e-07,7.392352941176471286e-07
9.861470588235294717e-07,7.399411764705882896e-07
1.052350649350649295e-06,7.406493506493506272e-07
1.266412500000000091e-06,7.403250000000000862e-07
8.539506172839506514e-08,7.418641975308642197e-07
2.445757575757575676e-07,7.408939393939394668e-07
4.243593750000000319e-07,7.408906250000000559e-07
4.398591549295774968e-07,7.410140845070423207e-07
4.555633802816901403e-07,7.414788732394366607e-07
4.720151515151515157e-07,7.411818181818181640e-07
5.668571428571429114e-07,7.415974025974026190e-07
7.691492537313433000e-07,7.418656716417911780e-07
9.460000000000000271e-07,7.414268292682926311e-07
1.119283783783783898e-06,7.432162162162162693e-07
1.437441558441558672e-06,7.411818181818181640e-07
2.744057971014492754e-07,7.425217391304347784e-07
4.873194444444445338e-07,7.419861111111110986e-07
5.026901408450704663e-07,7.425070422535212092e-07
6.412771084337349470e-07,7.422891566265061399e-07
7.110000000000000536e-07,7.420000000000000532e-07
8.230259740259741453e-07,7.425584415584416316e-07
1.226467532467532532e-06,7.429480519480519391e-07
1.332180722891566426e-06,7.425060240963855990e-07
1.504214285714285918e-06,7.425476190476190613e-07
1.002666666666666778e-07,7.431333333333333306e-07
5.187931034482758640e-07,7.432068965517241869e-07
5.336901408450704660e-07,7.435070422535211784e-07
5.508095238095239034e-07,7.427619047619048522e-07
9.042236842105264419e-07,7.433026315789473969e-07
1.012480000000000130e-06,7.434400000000000979e-07
1.185675000000000087e-06,7.435875000000000402e-07
1.398064102564102572e-06,7.432307692307693113e-07
1.463810126582278357e-06,7.440379746835443587e-07
1.150289855072463843e-07,7.442173913043479262e-07
1.303333333333333490e-07,7.453717948717949557e-07
8.648507462686567467e-07,7.445970149253732294e-07
1.077892857142857096e-06,7.443333333333334207e-07
1.292229508196721483e-06,7.440000000000000976e-07
6.268333333333333810e-07,7.454696969696970558e-07
6.959855072463768251e-07,7.452318840579710558e-07
7.540821917808220695e-07,7.455342465753425002e-07
1.145929577464788729e-06,7.456760563380281689e-07
1.252532467532467577e-06,7.456363636363636644e-07
1.358047058823529460e-06,7.459294117647058883e-07
8.085000000000000730e-07,7.462368421052631895e-07
1.037794117647058827e-06,7.467941176470588819e-07
1.423569767441860597e-06,7.466279069767441684e-07
1.489730337078651818e-06,7.470224719101124356e-07
1.529986486486486454e-06,7.462972972972973357e-07
1.454727272727272819e-07,7.463818181818182370e-07
1.603199999999999956e-07,7.478666666666667724e-07
6.815322580645161444e-07,7.469193548387096904e-07
9.710000000000001053e-07,7.465254237288135865e-07
1.318371428571428607e-06,7.477571428571429496e-07
8.903902439024390158e-07,7.487439024390244156e-07
9.307205882352941864e-07,7.477058823529412722e-07
1.383263157894737026e-06,7.488315789473684693e-07
1.569811320754717179e-08,7.485660377358490298e-07
1.755526315789473853e-07,7.491973684210526070e-07
2.958000000000000415e-07,7.497625000000001335e-07
6.673150684931507069e-07,7.494794520547945440e-07
7.394794520547945338e-07,7.495616438356165056e-07
7.937564102564103022e-07,7.499871794871794618e-07
8.480958904109588901e-07,7.490958904109589698e-07
9.974871794871794215e-07,7.492435897435897899e-07
1.064179487179487058e-06,7.496410256410256874e-07
1.103169230769230917e-06,7.489230769230769182e-07
1.171808219178082331e-06,7.491643835616438673e-07
1.213000000000000075e-06,7.492857142857144023e-07
1.278067567567567632e-06,7.494864864864864726e-07
1.449513513513513564e-06,7.496891891891892106e-07
3.022222222222222594e-08,7.498888888888889113e-07
1.904342105263157973e-07,7.506052631578947679e-07
6.083750000000000197e-07,7.497321428571429392e-07
4.604477611940298651e-08,7.509253731343283203e-07
2.051948051948052027e-07,7.516883116883117750e-07
3.109705882352941591e-07,7.510588235294117076e-07
9.574000000000001424e-07,7.509333333333332813e-07
1.132059701492537338e-06,7.512238805970149921e-07
1.238452380952381115e-06,7.517738095238095299e-07
1.343973333333333409e-06,7.517600000000000030e-07
1.409686746987951933e-06,7.522891566265060441e-07
1.516012500000000209e-06,7.514750000000000769e-07
6.078378378378378329e-08,7.528648648648649446e-07
2.204133333333333456e-07,7.525866666666667247e-07
3.400895522388059967e-07,7.520895522388059802e-07
3.549397590361445898e-07,7.524819277108433646e-07
4.009444444444445032e-07,7.528055555555556206e-07
7.211250000000000202e-07,7.516964285714286498e-07
7.788860759493670852e-07,7.531012658227849053e-07
9.155465116279070181e-07,7.532906976744187281e-07
1.023867469879518249e-06,7.525903614457832530e-07
1.197684931506849331e-06,7.526986301369863143e-07
3.701818181818181903e-07,7.533506493506494894e-07
3.855735294117647063e-07,7.531911764705883321e-07
4.166527777777778167e-07,7.532083333333333993e-07
4.315131578947368316e-07,7.535657894736841854e-07
4.790113636363636973e-07,7.541590909090908748e-07
5.909531250000000409e-07,7.527656250000000481e-07
6.510606060606060900e-07,7.531515151515151699e-07
8.337341772151899377e-07,7.536708860759494568e-07
1.475476923076923227e-06,7.529384615384615909e-07
7.617391304347827374e-08,7.540724637681160153e-07
2.358714285714285688e-07,7.538428571428572086e-07
2.655555555555555424e-07,7.547083333333334061e-07
4.470714285714285806e-07,7.540000000000000019e-07
4.637000000000000031e-07,7.539142857142857702e-07
4.941038961038961168e-07,7.550389610389610336e-07
5.592950819672131937e-07,7.542459016393443608e-07
5.746363636363636287e-07,7.540909090909091477e-07
8.760895522388059788e-07,7.539104477611940851e-07
1.088936507936508045e-06,7.536984126984126944e-07
1.157679487179487095e-06,7.546538461538461967e-07
1.263921052631579115e-06,7.548421052631580100e-07
1.303654545454545699e-06,7.534545454545455502e-07
1.369450000000000077e-06,7.548875000000000421e-07
5.106025641025641652e-07,7.551923076923078001e-07
5.259512195121952077e-07,7.557439024390244121e-07
9.833918918918919152e-07,7.555675675675676586e-07
1.049301369863013755e-06,7.561232876712329888e-07
2.811230769230769777e-07,7.558769230769230569e-07
5.414761904761905395e-07,7.557777777777778309e-07
6.369605263157895095e-07,7.564473684210526223e-07
7.641216216216216971e-07,7.561891891891891695e-07
9.434400000000000889e-07,7.560266666666667079e-07
1.435272727272727357e-06,7.556818181818181945e-07
1.218285714285714380e-07,7.573857142857142697e-07
7.062602739726027331e-07,7.569589041095891405e-07
8.194078947368421006e-07,7.569210526315790350e-07
1.224826086956521782e-06,7.573188405797101783e-07
1.330125000000000034e-06,7.573750000000000966e-07
1.395287356321839155e-06,7.582643678160920256e-07
1.501160000000000083e-06,7.571733333333333689e-07
6.201710526315790314e-07,7.586842105263159259e-07
1.118723076923076855e-06,7.579846153846154008e-07
1.183321428571428731e-06,7.584047619047619754e-07
1.290071428571428810e-06,7.588285714285714907e-07
1.460792682926829361e-06,7.588536585365853967e-07
1.364745762711864456e-07,7.586779661016949294e-07
6.916818181818181509e-07,7.601022727272727785e-07
9.011864406779661124e-07,7.587118644067797190e-07
1.009640000000000086e-06,7.588800000000000297e-07
1.075249999999999997e-06,7.584000000000000148e-07
7.495211267605633365e-07,7.603943661971831857e-07
8.038219178082191708e-07,7.606849315068494276e-07
8.581875000000000737e-07,7.600781250000000946e-07
9.686794871794872951e-07,7.606538461538462240e-07
1.143519480519480732e-06,7.604155844155843783e-07
1.355576470588235344e-06,7.605529411764705717e-07
1.520000000000000111e-07,7.606200000000000969e-07
1.666891891891891914e-07,7.614864864864865271e-07
1.035354430379746833e-06,7.614683544303797831e-07
1.250225352112676101e-06,7.608873239436619990e-07
1.421322916666666772e-06,7.618333333333334649e-07
1.487272727272727240e-06,7.620000000000000735e-07
1.527805555555555718e-06,7.609444444444444975e-07
6.555555555555555803e-09,7.613333333333334273e-07
2.119117647058823606e-08,7.621617647058824075e-07
6.763544303797469666e-07,7.623164556962026021e-07
9.277500000000000324e-07,7.625000000000000052e-07
1.106339999999999939e-06,7.625800000000000959e-07
1.315897058823529576e-06,7.625882352941176900e-07
3.713432835820895509e-08,7.632089552238806918e-07
3.021470588235294349e-07,7.632794117647059212e-07
6.615308641975309214e-07,7.636543209876542730e-07
8.440340909090909037e-07,7.640909090909091579e-07
8.873636363636364131e-07,7.633766233766234353e-07
1.276530864197530962e-06,7.641481481481481556e-07
1.381317073170731779e-06,7.637317073170732530e-07
1.963611111111111345e-07,7.639027777777778590e-07
2.119310344827586573e-07,7.646896551724138934e-07
3.171594202898550744e-07,7.643333333333334410e-07
3.318372093023255664e-07,7.649651162790697929e-07
7.349459459459460215e-07,7.641081081081081883e-07
7.886623376623377603e-07,7.642467532467531962e-07
9.953373493975903664e-07,7.644337349397590361e-07
1.168958333333333400e-06,7.642638888888889854e-07
1.210698412698412829e-06,7.640634920634921492e-07
5.215942028985507055e-08,7.647536231884058320e-07
2.270649350649350854e-07,7.656103896103896430e-07
3.470000000000000235e-07,7.655000000000000188e-07
3.617624999999999944e-07,7.653500000000001134e-07
3.929294117647058905e-07,7.657882352941176128e-07
4.085714285714285998e-07,7.657272727272728306e-07
9.547162162162162772e-07,7.657567567567567920e-07
1.061071428571428758e-06,7.651142857142857646e-07
6.729629629629629156e-08,7.656481481481481624e-07
2.421095890410959013e-07,7.666575342465753264e-07
4.235394736842105436e-07,7.662763157894737001e-07
4.386567164179104760e-07,7.661940298507462448e-07
4.545277777777778035e-07,7.663750000000000316e-07
7.200161290322581363e-07,7.663548387096775058e-07
1.130223684210526375e-06,7.667236842105263820e-07
1.236183908045977144e-06,7.663793103448276382e-07
1.341479452054794763e-06,7.665616438356165123e-07
1.407098901098901027e-06,7.672197802197802806e-07
1.513375000000000143e-06,7.665568181818182175e-07
8.287878787878788699e-08,7.671666666666666342e-07
2.724268292682927064e-07,7.680609756097560428e-07
4.702025316455696394e-07,7.673797468354430600e-07
7.740000000000000221e-07,7.673974358974359231e-07
8.291428571428571483e-07,7.677976190476190525e-07
9.122948717948718770e-07,7.677564102564103606e-07
1.021369863013698560e-06,7.676712328767123599e-07
1.195500000000000031e-06,7.673750000000000009e-07
1.301649350649350741e-06,7.678441558441558507e-07
1.473075000000000080e-06,7.674000000000000557e-07
2.576499999999999811e-07,7.679833333333333976e-07
4.852727272727272409e-07,7.683896103896105142e-07
5.011038961038961133e-07,7.684155844155844499e-07
5.326375000000000736e-07,7.692999999999999867e-07
5.923090909090908913e-07,7.674000000000000557e-07
6.466176470588236227e-07,7.680735294117647499e-07
1.092107692307692390e-06,7.677999999999999799e-07
9.766071428571429640e-08,7.685000000000000325e-07
1.126153846153846261e-07,7.696923076923078306e-07
2.876923076923077233e-07,7.690307692307692379e-07
5.168333333333333754e-07,7.689166666666666598e-07
5.474307692307692124e-07,7.695076923076923996e-07
5.626142857142857976e-07,7.697857142857143543e-07
5.777777777777779046e-07,7.691805555555556333e-07
9.804534883720931248e-07,7.702209302325581462e-07
1.262195121951219637e-06,7.700121951219512700e-07
1.366927536231884091e-06,7.692318840579710590e-07
8.684000000000000204e-07,7.696000000000001151e-07
9.400128205128206629e-07,7.706538461538462341e-07
1.047256097560975732e-06,7.710731707317073931e-07
1.154884057971014670e-06,7.700579710144927865e-07
1.278787878787878929e-07,7.709696969696970658e-07
6.320322580645161313e-07,7.707741935483871054e-07
7.006973684210526690e-07,7.710394736842106047e-07
7.593918918918919211e-07,7.713108108108109228e-07
8.146363636363636602e-07,7.710129870129870294e-07
1.433388888888888911e-06,7.706111111111111845e-07
1.498766233766233800e-06,7.715324675324675452e-07
1.116291139240506272e-06,7.725949367088608798e-07
1.327862068965517257e-06,7.722758620689655303e-07
1.393059523809523865e-06,7.727380952380951856e-07
1.430158730158730310e-07,7.727936507936508983e-07
1.582790697674418632e-07,7.742906976744187176e-07
6.171269841269841479e-07,7.732222222222222683e-07
6.858988764044943569e-07,7.738539325842696491e-07
8.984545454545455383e-07,7.734545454545455705e-07
1.007300000000000080e-06,7.735000000000000905e-07
1.181443037974683752e-06,7.732658227848101981e-07
1.222566037735849171e-06,7.724528301886793490e-07
1.287883720930232768e-06,7.733372093023257015e-07
1.459423728813559527e-06,7.731355932203389995e-07
1.314516129032258047e-08,7.744193548387096389e-07
7.997571428571429388e-07,7.745000000000000597e-07
8.547333333333333505e-07,7.740933333333333907e-07
1.078983333333333469e-06,7.736166666666666953e-07
2.787671232876712621e-08,7.753561643835617548e-07
1.733230769230769256e-07,7.753384615384615797e-07
6.711688311688311781e-07,7.761688311688312315e-07
7.449428571428571752e-07,7.753142857142856839e-07
1.248158536585365952e-06,7.754390243902439811e-07
1.353615384615384635e-06,7.753076923076923059e-07
4.302816901408450769e-08,7.765070422535212224e-07
9.241807228915662666e-07,7.773734939759037663e-07
9.660468750000000442e-07,7.757656250000000820e-07
1.033180722891566409e-06,7.765060240963856123e-07
1.141857142857142912e-06,7.755892857142857575e-07
1.484500000000000144e-06,7.770000000000000358e-07
1.524776315789473828e-06,7.769868421052631704e-07
1.879838709677419211e-07,7.766451612903225863e-07
2.029740259740259894e-07,7.777792207792207567e-07
8.821451612903225715e-07,7.772903225806452120e-07
1.314225806451613049e-06,7.772258064516129389e-07
5.896825396825397004e-08,7.776984126984126976e-07
2.179594594594594669e-07,7.783513513513514457e-07
3.242388059701492952e-07,7.780298507462686087e-07
3.393823529411764979e-07,7.781029411764706197e-07
3.540270270270270376e-07,7.783783783783783575e-07
3.691463414634146455e-07,7.782317073170732836e-07
4.000253164556962265e-07,7.785443037974684178e-07
7.293544303797469251e-07,7.781139240506330000e-07
7.835657894736842158e-07,7.783947368421053313e-07
8.402471910112359958e-07,7.789101123595505710e-07
1.102276315789473850e-06,7.784868421052631772e-07
1.208073529411764666e-06,7.782941176470588133e-07
1.274231578947368449e-06,7.790947368421052780e-07
7.385714285714286431e-08,7.793285714285714427e-07
2.332906976744185981e-07,7.794767441860465882e-07
3.849677419354838831e-07,7.787741935483870712e-07
4.151791044776119366e-07,7.788059701492537859e-07
4.312580645161290742e-07,7.789354838709677011e-07
4.462054794520548481e-07,7.791369863013699810e-07
4.615657894736842706e-07,7.796842105263159155e-07
9.920422535211269108e-07,7.796197183098592354e-07
1.166855263157894806e-06,7.791710526315790125e-07
1.379161290322580895e-06,7.791612903225807101e-07
1.445000000000000141e-06,7.790000000000000802e-07
8.917948717948718191e-08,7.805000000000000870e-07
2.487307692307692178e-07,7.804358974358975126e-07
2.637594936708860811e-07,7.809113924050633742e-07
4.766376811594203527e-07,7.804347826086957066e-07
4.927428571428571800e-07,7.805571428571428728e-07
7.146250000000000612e-07,7.800357142857143832e-07
9.509066666666667165e-07,7.807866666666667258e-07
1.059388888888888976e-06,7.798194444444444862e-07
1.339136363636363890e-06,7.813295454545455798e-07
1.041780821917808204e-07,7.818356164383561704e-07
2.792098765432099023e-07,7.813827160493826876e-07
5.084657534246575849e-07,7.810547945205479578e-07
5.240259740259741281e-07,7.815324675324675554e-07
5.393924050632910994e-07,7.820632911392405995e-07
1.019233333333333321e-06,7.825333333333333260e-07
1.128367088607595060e-06,7.816329113924050759e-07
1.233223529411764756e-06,7.819882352941176652e-07
1.404965116279069806e-06,7.820697674418604706e-07
1.470344827586207160e-06,7.822068965517242582e-07
1.510526315789473922e-06,7.815394736842105465e-07
2.939152542372881440e-07,7.821355932203389345e-07
5.545641025641026228e-07,7.823333333333334169e-07
5.697283950617284870e-07,7.827283950617285017e-07
7.690000000000000700e-07,7.826000000000000330e-07
8.255063291139240879e-07,7.827341772151899178e-07
9.100566037735850232e-07,7.816792452830189696e-07
1.193075949367088789e-06,7.823417721518987612e-07
1.190597014925373200e-07,7.832238805970149610e-07
5.846000000000000864e-07,7.829142857142857255e-07
8.655952380952381671e-07,7.836785714285714518e-07
6.015094339622641553e-07,7.840188679245283835e-07
9.777594936708862013e-07,7.849240506329114794e-07
1.152886075949367231e-06,7.846708860759494565e-07
1.259666666666666789e-06,7.845000000000000698e-07
1.365871428571428788e-06,7.849571428571429916e-07
6.950606060606060076e-07,7.850303030303030502e-07
8.099888888888889796e-07,7.855888888888889464e-07
9.363448275862069576e-07,7.854482758620689715e-07
1.045285714285714194e-06,7.859120879120880171e-07
1.086842105263157965e-06,7.855657894736842601e-07
1.485285714285714587e-07,7.866428571428571317e-07
7.546119402985074884e-07,7.865671641791044989e-07
1.431964912280701845e-06,7.861228070175439771e-07
1.496302631578947324e-06,7.865394736842106045e-07
4.438356164383561580e-09,7.867808219178082892e-07
1.072270270270270246e-06,7.876756756756756980e-07
1.114414634146341683e-06,7.875243902439024391e-07
1.219233766233766478e-06,7.880129870129870360e-07
1.325012345679012329e-06,7.872345679012345713e-07
1.390658227848101334e-06,7.875949367088608421e-07
1.957746478873239697e-08,7.878732394366197791e-07
3.441428571428571332e-08,7.886571428571428460e-07
6.303181818181819608e-07,7.881818181818182010e-07
6.479365079365079479e-07,7.885396825396825988e-07
6.802500000000000727e-07,7.878333333333334066e-07
8.516666666666666299e-07,7.884400000000000906e-07
1.005115942028985613e-06,7.887101449275362482e-07
1.178743243243243395e-06,7.881081081081081915e-07
1.285928571428571386e-06,7.878428571428572218e-07
1.456833333333333375e-06,7.882638888888889886e-07
1.788709677419355081e-07,7.888548387096775022e-07
1.940250000000000185e-07,7.896749999999999822e-07
7.384210526315790215e-07,7.896315789473684641e-07
7.933421052631579379e-07,7.893157894736842242e-07
1.351263157894736951e-06,7.900631578947369287e-07
4.956451612903225980e-08,7.899032258064515969e-07
6.151296296296297196e-07,7.892592592592592357e-07
6.630333333333333478e-07,7.896333333333333300e-07
1.245272727272727270e-06,7.905064935064935546e-07
1.416808823529411750e-06,7.907500000000000100e-07
2.091000000000000129e-07,7.912857142857143813e-07
2.242054794520547925e-07,7.917534246575342188e-07
3.302278481012658480e-07,7.917721518987342198e-07
3.613783783783784219e-07,7.912837837837838196e-07
3.918888888888889614e-07,7.913750000000000040e-07
4.070632911392405371e-07,7.914810126582279358e-07
4.231304347826087236e-07,7.913188405797101915e-07
4.384250000000000629e-07,7.916625000000001050e-07
4.532394366197183875e-07,7.918450704225351828e-07
7.234588235294118575e-07,7.914823529411765294e-07
9.201166666666666903e-07,7.913500000000000551e-07
1.030758620689655255e-06,7.919885057471264863e-07
1.139859375000000000e-06,7.908593750000000381e-07
1.482337500000000273e-06,7.918250000000001437e-07
1.521400000000000163e-06,7.913142857142857213e-07
6.542424242424242895e-08,7.921060606060607212e-07
3.144821428571428501e-07,7.918750000000000416e-07
4.683108108108108698e-07,7.926621621621622472e-07
8.783818181818182014e-07,7.916000000000000739e-07
9.618906250000000364e-07,7.925312499999999982e-07
8.059701492537313345e-08,7.931641791044776579e-07
2.392459016393442623e-07,7.930327868852458818e-07
4.849571428571428993e-07,7.931285714285714206e-07
4.998095238095237776e-07,7.934047619047619579e-07
7.081384615384616133e-07,7.932615384615384240e-07
7.792033898305086059e-07,7.929661016949152836e-07
8.371884057971014986e-07,7.934637681159420511e-07
9.892409638554217848e-07,7.944337349397590665e-07
1.098973684210526250e-06,7.941447368421053499e-07
1.165011363636363884e-06,7.940568181818181659e-07
1.204842857142857210e-06,7.931142857142858565e-07
1.271500000000000023e-06,7.937500000000000236e-07
1.311315068493150703e-06,7.932876712328768332e-07
1.377148648648648923e-06,7.940540540540540776e-07
9.511111111111112457e-08,7.943333333333334714e-07
2.553750000000000219e-07,7.940312500000000051e-07
2.701267605633802979e-07,7.943098591549295671e-07
2.850833333333333285e-07,7.945714285714286417e-07
5.146575342465753463e-07,7.944931506849314949e-07
5.310547945205480221e-07,7.949315068493151142e-07
5.461842105263158429e-07,7.950000000000000117e-07
9.048484848484848800e-07,7.941818181818182283e-07
9.469756097560976407e-07,7.953536585365853860e-07
1.057000000000000002e-06,7.946285714285714275e-07
1.102105263157894812e-07,7.956973684210526065e-07
2.999705882352941797e-07,7.950588235294117310e-07
5.613150684931506841e-07,7.956575342465753876e-07
1.337045454545454488e-06,7.959659090909091703e-07
1.443513513513513537e-06,7.951756756756756261e-07
1.507519480519480762e-06,7.958571428571429635e-07
1.247941176470588444e-07,7.966764705882352823e-07
5.758852459016393748e-07,7.960819672131148731e-07
1.126070588235294040e-06,7.965647058823530579e-07
1.190818181818181825e-06,7.966212121212122130e-07
1.231849999999999903e-06,7.961499999999999922e-07
1.403068493150684954e-06,7.965068493150686035e-07
7.645223880597015817e-07,7.968059701492538676e-07
8.192187500000000710e-07,7.968281249999999968e-07
1.016709302325581478e-06,7.978953488372093542e-07
1.467653333333333468e-06,7.969466666666667328e-07
6.039154929577464297e-07,7.983802816901408393e-07
8.650666666666667896e-07,7.984000000000000554e-07
1.396000000000000060e-07,7.988923076923076951e-07
8.044754098360656013e-07,7.989344262295082714e-07
9.749722222222222848e-07,7.992777777777779226e-07
1.150896103896103909e-06,7.999220779220780505e-07
1.257333333333333422e-06,7.995256410256410407e-07
1.363543209876543244e-06,7.995925925925926748e-07
1.032786885245901634e-08,8.000819672131148560e-07
1.553230769230769232e-07,7.997384615384616129e-07
6.230789473684210932e-07,8.005921052631579532e-07
6.379000000000000674e-07,8.007857142857143539e-07
9.320344827586207811e-07,7.996896551724138760e-07
1.084739726027397145e-06,8.000410958904109446e-07
1.429602564102564281e-06,8.004230769230769757e-07
1.699104477611940437e-07,8.010298507462686426e-07
6.544249999999999854e-07,8.017875000000000716e-07
7.474038461538462873e-07,8.012307692307693278e-07
1.042558441558441512e-06,8.009740259740259973e-07
1.323252747252747332e-06,8.021758241758242333e-07
1.493015625000000182e-06,8.007500000000000201e-07
1.531549019607843245e-06,8.012352941176471279e-07
2.548529411764706029e-08,8.019264705882352532e-07
1.854625000000000105e-07,8.022125000000000506e-07
1.111565217391304242e-06,8.022173913043479427e-07
1.177025000000000178e-06,8.026625000000000844e-07
1.217115384615384544e-06,8.026538461538462030e-07
1.282753424657534367e-06,8.026575342465753841e-07
1.389252873563218486e-06,8.025057471264367487e-07
2.002800000000000173e-07,8.031600000000000530e-07
3.384202898550724795e-07,8.038550724637681315e-07
3.535394736842105256e-07,8.033289473684210826e-07
3.692950819672131070e-07,8.031967213114753586e-07
6.696029411764706209e-07,8.028382352941177494e-07
7.324202898550725400e-07,8.032318840579710723e-07
8.480983606557377136e-07,8.030983606557377210e-07
1.000479452054794555e-06,8.035616438356165392e-07
1.069000000000000056e-06,8.025000000000000457e-07
4.087096774193548333e-08,8.035000000000000150e-07
5.634545454545454767e-08,8.041636363636364092e-07
2.156455696202531592e-07,8.044683544303797314e-07
2.306842105263158037e-07,8.049078947368421759e-07
3.218243243243243307e-07,8.047837837837837750e-07
3.989324324324324686e-07,8.043243243243244756e-07
4.140526315789473835e-07,8.045526315789474458e-07
4.303194444444444866e-07,8.044027777777778312e-07
6.839824561403509536e-07,8.037017543859650019e-07
1.243051282051282017e-06,8.050256410256410304e-07
1.455161764705882591e-06,8.043970588235294755e-07
3.838035714285714793e-07,8.044285714285715285e-07
4.452000000000000425e-07,8.054125000000000793e-07
7.172318840579710698e-07,8.048985507246376877e-07
1.349444444444444347e-06,8.054691358024691785e-07
1.415540540540540781e-06,8.056891891891891826e-07
7.128571428571430011e-08,8.055000000000000594e-07
8.665151515151516402e-08,8.065606060606060200e-07
2.457031249999999901e-07,8.060312500000000596e-07
4.602894736842105518e-07,8.064473684210526730e-07
4.752666666666666740e-07,8.061733333333333445e-07
7.912881355932203697e-07,8.060847457627120180e-07
9.566086956521740420e-07,8.063043478260869935e-07
1.028529411764705838e-06,8.066823529411765067e-07
1.137434210526315900e-06,8.061447368421054044e-07
1.478916666666666850e-06,8.058333333333333825e-07
1.518289473684210735e-06,8.058815789473685202e-07
2.765333333333333743e-07,8.074266666666666520e-07
2.916438356164383631e-07,8.075342465753424996e-07
4.912380952380953185e-07,8.068095238095238664e-07
5.230579710144927585e-07,8.074637681159420441e-07
7.761690140845070126e-07,8.073239436619719334e-07
1.309450704225352297e-06,8.078169014084507468e-07
1.011129032258064560e-07,8.074032258064516411e-07
3.067627118644067735e-07,8.080508474576271669e-07
5.379743589743590709e-07,8.080000000000000354e-07
5.529076923076923261e-07,8.080307692307693092e-07
8.776865671641791857e-07,8.079402985074627223e-07
1.096941860465116219e-06,8.085000000000000730e-07
1.163307692307692445e-06,8.086538461538462303e-07
1.268882352941176609e-06,8.085176470588236100e-07
1.375223529411764836e-06,8.089411764705883913e-07
1.162535211267605711e-07,8.089718309859155313e-07
8.929473684210526071e-07,8.090394736842106008e-07
9.865692307692308389e-07,8.089846153846154207e-07
1.054845070422535248e-06,8.091830985915493992e-07
5.691076923076923786e-07,8.102000000000000948e-07
9.423846153846153844e-07,8.095769230769231738e-07
1.335518072289156803e-06,8.109397590361446496e-07
1.440871794871794904e-06,8.105000000000000115e-07
1.503710526315789512e-06,8.103026315789474543e-07
5.842881355932203822e-07,8.114237288135594424e-07
9.079565217391304440e-07,8.110579710144927963e-07
1.188830188679245440e-06,8.106226415094339770e-07
1.202685714285714373e-06,8.116142857142857641e-07
1.294521126760563624e-06,8.113943661971832056e-07
1.401463414634146357e-06,8.120365853658537106e-07
1.460153846153846208e-07,8.118000000000000033e-07
5.986301369863014936e-07,8.124109589041097209e-07
1.014806451612903309e-06,8.123387096774194259e-07
1.123112903225806489e-06,8.114032258064516240e-07
1.228970588235294147e-06,8.119411764705882990e-07
1.610410958904109799e-07,8.132602739726027251e-07
6.143278688524590052e-07,8.129508196721312217e-07
6.303580246913580522e-07,8.136419753086421196e-07
9.226666666666666701e-07,8.132000000000001085e-07
9.699090909090909902e-07,8.130909090909091334e-07
1.254802325581395265e-06,8.143255813953489465e-07
1.654545454545454863e-08,8.137272727272728369e-07
1.762187500000000175e-07,8.145000000000001003e-07
6.454415584415584623e-07,8.142597402597403736e-07
6.604235294117647091e-07,8.149529411764706353e-07
8.251864406779661201e-07,8.136610169491525904e-07
1.082587500000000204e-06,8.146749999999999546e-07
1.149187500000000125e-06,8.143875000000000653e-07
1.361346666666666678e-06,8.144400000000001381e-07
3.150000000000000413e-08,8.151323529411765062e-07
1.915671641791045047e-07,8.154925373134328921e-07
1.040434782608695864e-06,8.156956521739131047e-07
1.426647887323943719e-06,8.154366197183098985e-07
1.489676056338028266e-06,8.149436619718310852e-07
2.066800000000000216e-07,8.166399999999999857e-07
3.455802469135802964e-07,8.167283950617284091e-07
3.609117647058823846e-07,8.165000000000000388e-07
6.756184210526316102e-07,8.160000000000000012e-07
6.904500000000000979e-07,8.170875000000000564e-07
8.398305084745763741e-07,8.160847457627119222e-07
4.638028169014084870e-08,8.170845070422536023e-07
6.261842105263158711e-08,8.173947368421054026e-07
2.217599999999999952e-07,8.176400000000000609e-07
3.302000000000000319e-07,8.169857142857143005e-07
3.756056338028169281e-07,8.172112676056338383e-07
3.915555555555555854e-07,8.170277777777778797e-07
4.062739726027397579e-07,8.171506849315068296e-07
4.221014492753623277e-07,8.168695652173913156e-07
4.368405797101449804e-07,8.176086956521739752e-07
7.062753623188406773e-07,8.174492753623188939e-07
1.175910256410256360e-06,8.175512820512821310e-07
1.280743902439024468e-06,8.176707317073171327e-07
1.321592105263157920e-06,8.170263157894737012e-07
1.387355555555555648e-06,8.176000000000001214e-07
1.527580000000000077e-06,8.166200000000000689e-07
7.771794871794871751e-08,8.184743589743590746e-07
2.372985074626865837e-07,8.182089552238806946e-07
4.829552238805970123e-07,8.188656716417911396e-07
7.242318840579710663e-07,8.182608695652174611e-07
7.391875000000000272e-07,8.181406250000000363e-07
8.542000000000001183e-07,8.181076923076923451e-07
9.978181818181819363e-07,8.181969696969698087e-07
1.215769230769230694e-06,8.181538461538462028e-07
3.154675324675324871e-07,8.198181818181819041e-07
4.520338983050847607e-07,8.184406779661017808e-07
4.677076923076923309e-07,8.188307692307692736e-07
4.978550724637681178e-07,8.193043478260870172e-07
7.545238095238095247e-07,8.189047619047619679e-07
8.690857142857142971e-07,8.193000000000000374e-07
9.280303030303030204e-08,8.197575757575758069e-07
2.531904761904762021e-07,8.197619047619049197e-07
2.682638888888889380e-07,8.200416666666666362e-07
2.833132530120482050e-07,8.205783132530121574e-07
5.149666666666667450e-07,8.199666666666667894e-07
5.300000000000000078e-07,8.200000000000000899e-07
7.840985915492957950e-07,8.199014084507043273e-07
8.838292682926830089e-07,8.207560975609756558e-07
1.068109090909090956e-06,8.194181818181818740e-07
1.347237500000000075e-06,8.203500000000001162e-07
1.454666666666666828e-06,8.198484848484849527e-07
1.513727272727272911e-06,8.204545454545455016e-07
2.982343750000000324e-07,8.209531250000000623e-07
5.448437500000000509e-07,8.206875000000000093e-07
7.690555555555555709e-07,8.211527777777779249e-07
1.135611111111111184e-06,8.208194444444444960e-07
1.241135593220339008e-06,8.209830508474577173e-07
1.412810126582278549e-06,8.213670886075949712e-07
1.072500000000000108e-07,8.217500000000000097e-07
5.608095238095239136e-07,8.224126984126984436e-07
8.987058823529412876e-07,8.226235294117647189e-07
1.307782051282051387e-06,8.225769230769231976e-07
1.221250000000000166e-07,8.226964285714285841e-07
5.754683544303796793e-07,8.235189873417721658e-07
7.999354838709676906e-07,8.234677419354839516e-07
1.094441558441558526e-06,8.237402597402597619e-07
1.162070422535211239e-06,8.235774647887324429e-07
1.266876712328767272e-06,8.231506849315068569e-07
1.373525000000000118e-06,8.235625000000000664e-07
9.137051282051281950e-07,8.244487179487179874e-07
1.052591549295774838e-06,8.239859154929577303e-07
1.189146666666666870e-06,8.250133333333333199e-07
8.236111111111110966e-09,8.258750000000000549e-07
1.375272727272727508e-07,8.242181818181819170e-07
1.525121951219512265e-07,8.255975609756098198e-07
5.910000000000000378e-07,8.249275362318840286e-07
6.058840579710145056e-07,8.250724637681160555e-07
6.216351351351350880e-07,8.255405405405406061e-07
1.440597560975609861e-06,8.254634146341463874e-07
1.677647058823529331e-07,8.267058823529412782e-07
6.366375000000000519e-07,8.268750000000000241e-07
8.143076923076922713e-07,8.262820512820513173e-07
9.285000000000000887e-07,8.265416666666667010e-07
9.432173913043479479e-07,8.265652173913044292e-07
1.293309859154929787e-06,8.265211267605634039e-07
1.333425000000000070e-06,8.262125000000000538e-07
2.321428571428571560e-08,8.275285714285715699e-07
6.521486486486486648e-07,8.276216216216217033e-07
8.303417721518987675e-07,8.274556962025316430e-07
9.581492537313433116e-07,8.268955223880597090e-07
1.122388888888889051e-06,8.267777777777778711e-07
1.204000000000000034e-06,8.262222222222222267e-07
1.227825396825396899e-06,8.269206349206349944e-07
1.399113924050633068e-06,8.271645569620253590e-07
1.833278688524590236e-07,8.279508196721311839e-07
6.670975609756097704e-07,8.286707317073171121e-07
9.733561643835618073e-07,8.284383561643835691e-07
1.981014492753623336e-07,8.289420289855072777e-07
2.134133333333333491e-07,8.294533333333333782e-07
3.674624999999999991e-07,8.296875000000000501e-07
3.830821917808219370e-07,8.296712328767123592e-07
3.984571428571428593e-07,8.298714285714286467e-07
4.141388888888889389e-07,8.295555555555555634e-07
6.819999999999999924e-07,8.293536585365853993e-07
6.980500000000000336e-07,8.294000000000000550e-07
8.448615384615384890e-07,8.293692307692307812e-07
1.078618421052631817e-06,8.297631578947369467e-07
1.148026666666666618e-06,8.295333333333333631e-07
1.253128205128205265e-06,8.293076923076923395e-07
1.359573170731707243e-06,8.293414634146342744e-07
1.484101449275362335e-06,8.287826086956521963e-07
3.785964912280702568e-08,8.294736842105264376e-07
5.405970149253732026e-08,8.300000000000001001e-07
3.378636363636363697e-07,8.301363636363636601e-07
3.525660377358490837e-07,8.295471698113207289e-07
4.292105263157895186e-07,8.304078947368421858e-07
4.441538461538461626e-07,8.305384615384615976e-07
4.590800000000000054e-07,8.306133333333334230e-07
7.151730769230769237e-07,8.296538461538462198e-07
7.307654320987655485e-07,8.312592592592593206e-07
9.880985915492957688e-07,8.299014084507043374e-07
1.426512820512820579e-06,8.303846153846154403e-07
6.921311475409836077e-08,8.311639344262295360e-07
2.281272727272727282e-07,8.309090909090909235e-07
2.434637681159420230e-07,8.312898550724638055e-07
4.901111111111110749e-07,8.316666666666667155e-07
7.459743589743590276e-07,8.314102564102565240e-07
8.600895522388059414e-07,8.309104477611941525e-07
1.279390243902439124e-06,8.323170731707318265e-07
1.319441558441558701e-06,8.318961038961039778e-07
1.523563218390804795e-06,8.315057471264368098e-07
8.419642857142856885e-08,8.320535714285715392e-07
3.070185185185185538e-07,8.319259259259260727e-07
4.734705882352941915e-07,8.314313725490196265e-07
8.749880952380952442e-07,8.331904761904762076e-07
1.003089552238806097e-06,8.319701492537314349e-07
1.108815384615384666e-06,8.320000000000000386e-07
1.384974358974358966e-06,8.324615384615385104e-07
1.468250000000000088e-06,8.323437500000000512e-07
2.586785714285714491e-07,8.331785714285714649e-07
2.746375000000000133e-07,8.333000000000000304e-07
3.219821428571428312e-07,8.329821428571429468e-07
5.223703703703704010e-07,8.323888888888889685e-07
5.367402597402597993e-07,8.332727272727273396e-07
7.609104477611940816e-07,8.336567164179105587e-07
1.063553571428571462e-06,8.332678571428571935e-07
1.174812499999999986e-06,8.335312500000000080e-07
9.889393939393939575e-08,8.337424242424243285e-07
2.901052631578947405e-07,8.338596491228070992e-07
5.520483870967741979e-07,8.345967741935484773e-07
7.755846153846154525e-07,8.342461538461539558e-07
8.896184210526315942e-07,8.347631578947368988e-07
1.017969696969697094e-06,8.340606060606060743e-07
1.139104477611940452e-07,8.356865671641792067e-07
5.668421052631579677e-07,8.355921052631579357e-07
7.904507042253521628e-07,8.348450704225352369e-07
1.134368421052631665e-06,8.355000000000000898e-07
1.239638554216867590e-06,8.356506024096385354e-07
1.346016666666666818e-06,8.353166666666667780e-07
1.451953125000000141e-06,8.348281250000000989e-07
1.508985915492957842e-06,8.357605633802817861e-07
1.289571428571428614e-07,8.364428571428572732e-07
5.818095238095239031e-07,8.365952380952381060e-07
9.046829268292683352e-07,8.364878048780488283e-07
1.412092307692307707e-06,8.360307692307692953e-07
6.123626373626374056e-07,8.384065934065934739e-07
8.049833333333334245e-07,8.373500000000001229e-07
1.032606557377049342e-06,8.368196721311475667e-07
1.305294117647058807e-06,8.369558823529413071e-07
1.437878787878787844e-07,8.376969696969697914e-07
1.587462686567164266e-07,8.386119402985074465e-07
5.966181818181818642e-07,8.377454545454545633e-07
9.192753623188406920e-07,8.381739130434783076e-07
1.049873015873016049e-06,8.383492063492064497e-07
1.094953125000000001e-06,8.377656250000000813e-07
1.161155844155844230e-06,8.386883116883117467e-07
1.265408450704225458e-06,8.382957746478874597e-07
1.371434210526315904e-06,8.384868421052631321e-07
1.744705882352941213e-07,8.393970588235294580e-07
6.276666666666666358e-07,8.392800000000000350e-07
8.205616438356165458e-07,8.396301369863014944e-07
1.437764705882352950e-06,8.402117647058824479e-07
1.494636363636363926e-06,8.392467532467532193e-07
1.461764705882353039e-08,8.400588235294117236e-07
6.436250000000000210e-07,8.401000000000001177e-07
8.354883720930233250e-07,8.409186046511628320e-07
9.342077922077922001e-07,8.401818181818181902e-07
9.490422535211268566e-07,8.400563380281690570e-07
9.637671232876712880e-07,8.400821917808220719e-07
1.120337209302325619e-06,8.412441860465116100e-07
1.894305555555555671e-07,8.407361111111111061e-07
6.586533333333333576e-07,8.409466666666667562e-07
6.898051948051948574e-07,8.417532467532468646e-07
1.225210526315789341e-06,8.415263157894737419e-07
1.291157894736842179e-06,8.414210526315790306e-07
1.332171428571428585e-06,8.410428571428570894e-07
1.397202531645569880e-06,8.416708860759493978e-07
2.924615384615384792e-08,8.417846153846153439e-07
2.045942028985507389e-07,8.418115942028985408e-07
3.600338983050847309e-07,8.423898305084746525e-07
3.747323943661971949e-07,8.421549295774648640e-07
3.903333333333333478e-07,8.426944444444444983e-07
4.061702127659574597e-07,8.426063829787235458e-07
6.737428571428572258e-07,8.422999999999999654e-07
7.062343750000000860e-07,8.425468750000000832e-07
8.506623376623377596e-07,8.428311688311688530e-07
9.789285714285714036e-07,8.420000000000000487e-07
1.186640625000000087e-06,8.421093750000000768e-07
1.478750000000000030e-06,8.430416666666666701e-07
4.453225806451613139e-08,8.424193548387096654e-07
2.198666666666666767e-07,8.428000000000000029e-07
2.350892857142857285e-07,8.433750000000000991e-07
4.213600000000000620e-07,8.432533333333333562e-07
4.360909090909090795e-07,8.432424242424243011e-07
4.508382352941176679e-07,8.432647058823529666e-07
7.215211267605633504e-07,8.428732394366197819e-07
9.935569620253165992e-07,8.436202531645570588e-07
1.251646341463414772e-06,8.440243902439024487e-07
2.497037037037037015e-07,8.444567901234568339e-07
4.669393939393939420e-07,8.440909090909091331e-07
4.815671641791044545e-07,8.440149253731344479e-07
4.970000000000000696e-07,8.446184210526316015e-07
5.116515151515151316e-07,8.443787878787879362e-07
7.367702702702703455e-07,8.445810810810810776e-07
8.655121951219512451e-07,8.446829268292682744e-07
1.081263157894736995e-06,8.447236842105264187e-07
1.146293333333333296e-06,8.442533333333334313e-07
1.357410256410256443e-06,8.445000000000000248e-07
1.423482758620689793e-06,8.450574712643678329e-07
7.470833333333333891e-08,8.453333333333333854e-07
9.042857142857143476e-08,8.463246753246754467e-07
2.651095890410958822e-07,8.457671232876713166e-07
5.281714285714286385e-07,8.451714285714286315e-07
7.520000000000000634e-07,8.453636363636364341e-07
1.008487179487179613e-06,8.456153846153846914e-07
1.519555555555555839e-06,8.459753086419753057e-07
5.432405063291139321e-07,8.465189873417721997e-07
8.805569620253164741e-07,8.466202531645570724e-07
1.106175257731958674e-06,8.472474226804124462e-07
1.277069767441860602e-06,8.472209302325581077e-07
2.798153846153846410e-07,8.470000000000000008e-07
3.087187499999999929e-07,8.475468750000000353e-07
1.023154761904761960e-06,8.475595238095238574e-07
1.172550000000000107e-06,8.479125000000000959e-07
1.318520547945205392e-06,8.472465753424658859e-07
1.053275862068965678e-07,8.476379310344828147e-07
3.239180327868852562e-07,8.476229508196721649e-07
5.586712328767123280e-07,8.480410958904109509e-07
7.806153846153846784e-07,8.481282051282051188e-07
7.959550561797753322e-07,8.490337078651686906e-07
8.952236842105264010e-07,8.483026315789474504e-07
1.066593750000000074e-06,8.481562500000001009e-07
1.383324675324675345e-06,8.480779220779220951e-07
1.463885245901639491e-06,8.476393442622951222e-07
1.204285714285714387e-07,8.489841269841270903e-07
2.941403508771929958e-07,8.493859649122807240e-07
5.734794520547945562e-07,8.489041095890412311e-07
9.104827586206896864e-07,8.499195402298850087e-07
1.449149425287356412e-06,8.498390804597702147e-07
1.505069767441860579e-06,8.501395348837209798e-07
1.355479452054794756e-07,8.497945205479453220e-07
5.885641025641025302e-07,8.500897435897435974e-07
6.034166666666666139e-07,8.507222222222222674e-07
1.038035087719298223e-06,8.501228070175439149e-07
1.132537500000000039e-06,8.502125000000000569e-07
1.237662650602409684e-06,8.503012048192772234e-07
1.343402597402597430e-06,8.506623376623377596e-07
1.408820512820513023e-06,8.506538461538462093e-07
1.501791044776119327e-07,8.510149253731344444e-07
6.193733333333333923e-07,8.515866666666667509e-07
8.112500000000000678e-07,8.514027777777778682e-07
9.250000000000000376e-07,8.517352941176471102e-07
1.199147540983606804e-06,8.512295081967213853e-07
1.304166666666666744e-06,8.520833333333334690e-07
5.914285714285715369e-09,8.521714285714286280e-07
1.654487179487179759e-07,8.519487179487179358e-07
6.349090909090909154e-07,8.520909090909092047e-07
1.808636363636363799e-07,8.532121212121212626e-07
1.955070422535211418e-07,8.538450704225351821e-07
6.499753086419752976e-07,8.534444444444444589e-07
8.265064935064935064e-07,8.532337662337662973e-07
1.052791044776119370e-06,8.532985074626865940e-07
1.092671428571428591e-06,8.530000000000000281e-07
1.158402597402597507e-06,8.533376623376623581e-07
1.263202380952380963e-06,8.532976190476191233e-07
1.368822784810126860e-06,8.536202531645570689e-07
1.490227848101265912e-06,8.535822784810127019e-07
2.046153846153846227e-08,8.535538461538462154e-07
3.620000000000000651e-08,8.544571428571429191e-07
3.513538461538461786e-07,8.540000000000001032e-07
6.650375000000000680e-07,8.545750000000000935e-07
6.821641791044776831e-07,8.545671641791045255e-07
6.970000000000000606e-07,8.540303030303030460e-07
9.537571428571429679e-07,8.546285714285713824e-07
1.434395061728395141e-06,8.551358024691358002e-07
5.083870967741935688e-08,8.554193548387096892e-07
2.110000000000000233e-07,8.550000000000000725e-07
3.819692307692307851e-07,8.550307692307692404e-07
3.976760563380281761e-07,8.551690140845070186e-07
4.581585365853658923e-07,8.561463414634147050e-07
8.412702702702703615e-07,8.551891891891891958e-07
9.686805555555555866e-07,8.550138888888889212e-07
9.834819277108433553e-07,8.560602409638555470e-07
1.118966292134831674e-06,8.564157303370787306e-07
2.263888888888888889e-07,8.559305555555555862e-07
2.413250000000000252e-07,8.571000000000001244e-07
3.669302325581395611e-07,8.569651162790698226e-07
4.129104477611940359e-07,8.559104477611941249e-07
4.287837837837838492e-07,8.560810810810810946e-07
4.431617647058824230e-07,8.559705882352941821e-07
4.734492753623188311e-07,8.568550724637681958e-07
4.883164556962025574e-07,8.570000000000000110e-07
7.113714285714286378e-07,8.562999999999999584e-07
7.274736842105263978e-07,8.563947368421053680e-07
8.563561643835616993e-07,8.565616438356164976e-07
1.185076923076923221e-06,8.568901098901099894e-07
1.223838235294117721e-06,8.562058823529412710e-07
1.289302631578947442e-06,8.563157894736841757e-07
1.329861111111111272e-06,8.569166666666667067e-07
1.394999999999999985e-06,8.567472527472528661e-07
1.529958333333333416e-06,8.565694444444445348e-07
5.038730158730158977e-07,8.576031746031746259e-07
5.187083333333333575e-07,8.575694444444445041e-07
9.985833333333333581e-07,8.574166666666666384e-07
1.475641975308642092e-06,8.578395061728395266e-07
6.649122807017543842e-08,8.574385964912281513e-07
8.129870129870130461e-08,8.585454545454545378e-07
2.562702702702702979e-07,8.580540540540541213e-07
5.345479452054794882e-07,8.587945205479452570e-07
7.422000000000000683e-07,8.580142857142857561e-07
7.573250000000000929e-07,8.590500000000000591e-07
8.709736842105263791e-07,8.583026315789474606e-07
1.144220930232558292e-06,8.591279069767442559e-07
1.249569444444444520e-06,8.591527777777779211e-07
2.715833333333333201e-07,8.594761904761905018e-07
3.328245614035087743e-07,8.585614035087720210e-07
1.013594936708860881e-06,8.595443037974684681e-07
1.077960000000000052e-06,8.593600000000000401e-07
1.355250000000000069e-06,8.598250000000000644e-07
1.420447058823529489e-06,8.598470588235295121e-07
1.515455696202531874e-06,8.602531645569620475e-07
9.650000000000001046e-08,8.600000000000000246e-07
3.152166666666666669e-07,8.602166666666667428e-07
5.494999999999999905e-07,8.600000000000000246e-07
7.725000000000000153e-07,8.600535714285715253e-07
8.854594594594595082e-07,8.605000000000000622e-07
1.110000000000000013e-07,8.608153846153846687e-07
5.647023809523810010e-07,8.614404761904762124e-07
1.028499999999999978e-06,8.616046511627907025e-07
1.210077922077922187e-06,8.614025974025974281e-07
1.275352272727272843e-06,8.621136363636364219e-07
1.268714285714285854e-07,8.620428571428571848e-07
2.861311475409835985e-07,8.617868852459017305e-07
5.802716049382716198e-07,8.622592592592593203e-07
7.870000000000000459e-07,8.620000000000000690e-07
8.017045454545455753e-07,8.632159090909091406e-07
9.007704918032787387e-07,8.620000000000000690e-07
1.104736842105263124e-06,8.623421052631579337e-07
1.171027777777778006e-06,8.624166666666666964e-07
1.461301587301587380e-06,8.620634920634921003e-07
5.952250000000000906e-07,8.633000000000000608e-07
6.100416666666666351e-07,8.638472222222222476e-07
9.155897435897435420e-07,8.636794871794872416e-07
1.063628571428571414e-06,8.632428571428571691e-07
1.315948051948051895e-06,8.631948051948052449e-07
1.381450704225352201e-06,8.628450704225352230e-07
1.416619718309859235e-07,8.638591549295775348e-07
1.567638888888888991e-07,8.647083333333334117e-07
6.258961038961039596e-07,8.645974025974026484e-07
8.168076923076923533e-07,8.652820512820512827e-07
1.235808219178082269e-06,8.649863013698630184e-07
1.500605263157894787e-06,8.644342105263159299e-07
1.195384615384615539e-08,8.655538461538462699e-07
1.722716049382715927e-07,8.654444444444445134e-07
6.414794520547944768e-07,8.657123287671232918e-07
9.304025974025974239e-07,8.653376623376624126e-07
1.042898550724637781e-06,8.650579710144928299e-07
1.130346153846153967e-06,8.646730769230769323e-07
1.406830985915492987e-06,8.658450704225352366e-07
1.447385964912280758e-06,8.650350877192982491e-07
2.677777777777778154e-08,8.664444444444444826e-07
1.873888888888888971e-07,8.664166666666666793e-07
6.560281690140845242e-07,8.662535211267606298e-07
8.318933333333333921e-07,8.670666666666667281e-07
9.450609756097561057e-07,8.666097560975610604e-07
1.342063492063492057e-06,8.663015873015873593e-07
2.019402985074627222e-07,8.670000000000000211e-07
3.894237288135593429e-07,8.673559322033898353e-07
6.881538461538462828e-07,8.672000000000001420e-07
1.090471264367816145e-06,8.683793103448275722e-07
1.196276315789473924e-06,8.670394736842106173e-07
1.301705882352941389e-06,8.676323529411765330e-07
4.222535211267605716e-08,8.678450704225351751e-07
2.174000000000000276e-07,8.683333333333334193e-07
3.447142857142857324e-07,8.680000000000000962e-07
4.351428571428571937e-07,8.684805194805194437e-07
4.499444444444444787e-07,8.688611111111111544e-07
6.715490196078431147e-07,8.672941176470588294e-07
7.027901234567900766e-07,8.683456790123457293e-07
9.600617283950618878e-07,8.683456790123457293e-07
9.747945205479453958e-07,8.683013698630138146e-07
1.156144578313253071e-06,8.685060240963856420e-07
1.261433734939759000e-06,8.684337349397590145e-07
1.367946666666666750e-06,8.685866666666667576e-07
1.486226190476190473e-06,8.685357142857143617e-07
5.747619047619048037e-08,8.694126984126984806e-07
2.324556962025316487e-07,8.692658227848101048e-07
4.038906250000000426e-07,8.688906250000000374e-07
4.204745762711864740e-07,8.681694915254237265e-07
4.650666666666667018e-07,8.693066666666666211e-07
7.178208955223881106e-07,8.695970149253731973e-07
8.462407407407408179e-07,8.684814814814815629e-07
9.895256410256411274e-07,8.695769230769231288e-07
1.432729729729729910e-06,8.695675675675676471e-07
7.226315789473684067e-08,8.706710526315790047e-07
2.474000000000000051e-07,8.706266666666667414e-07
3.593414634146341686e-07,8.704878048780488416e-07
3.746478873239437218e-07,8.698732394366197987e-07
4.801578947368421300e-07,8.698947368421053234e-07
4.949571428571429094e-07,8.702000000000000498e-07
5.103116883116883817e-07,8.706103896103895906e-07
5.248358208955223650e-07,8.704328358208955818e-07
7.332820512820513183e-07,8.705000000000000723e-07
8.616323529411765057e-07,8.707647058823530209e-07
1.116700000000000040e-06,8.712250000000000738e-07
1.221896103896103950e-06,8.706233766233767173e-07
1.525753086419753250e-06,8.705185185185185373e-07
2.619305555555555347e-07,8.714861111111111928e-07
3.251428571428571880e-07,8.717285714285715024e-07
7.481585365853658686e-07,8.715609756097560895e-07
1.004313253012048375e-06,8.716626506024096094e-07
1.181986111111111227e-06,8.716805555555556048e-07
1.287089552238806046e-06,8.710895522388060267e-07
1.327813333333333296e-06,8.718533333333333873e-07
1.393121951219512142e-06,8.715243902439025031e-07
8.785915492957748147e-08,8.720140845070423158e-07
5.405416666666667076e-07,8.724166666666667065e-07
7.634675324675324753e-07,8.727662337662337792e-07
8.764155844155844112e-07,8.726363636363636767e-07
1.471578947368421207e-06,8.722236842105263671e-07
1.019044776119402964e-06,8.732388059701493011e-07
1.247709302325581468e-06,8.740000000000000176e-07
1.022586206896551792e-07,8.736896551724139298e-07
1.174567901234567958e-07,8.743703703703703766e-07
2.768888888888889507e-07,8.734761904761904948e-07
5.564354838709677138e-07,8.737741935483871145e-07
5.714252873563218582e-07,8.750344827586207339e-07
7.779531250000000081e-07,8.737656250000000331e-07
1.142136363636363913e-06,8.738636363636364576e-07
1.354000000000000081e-06,8.745000000000000552e-07
1.418628571428571403e-06,8.746285714285714027e-07
1.511341463414634055e-06,8.746097560975610261e-07
1.329130434782608922e-07,8.756811594202898993e-07
5.863636363636364574e-07,8.757532467532468778e-07
7.926707317073170545e-07,8.754024390243902843e-07
1.077457142857142944e-06,8.752857142857143394e-07
1.207823529411764754e-06,8.761529411764705745e-07
1.479199999999999905e-07,8.768666666666667232e-07
6.016363636363636455e-07,8.765714285714286612e-07
9.059411764705883731e-07,8.759705882352942024e-07
1.033072463768116012e-06,8.766811594202899744e-07
1.457231884057971185e-06,8.764202898550725589e-07
6.176438356164383971e-07,8.769315068493151338e-07
8.076000000000001113e-07,8.771714285714286004e-07
9.215185185185185572e-07,8.772469135802469725e-07
1.102955882352941386e-06,8.768235294117647675e-07
1.167971014492753550e-06,8.768985507246376971e-07
1.273299999999999947e-06,8.773624999999999791e-07
1.313892857142857251e-06,8.779523809523810300e-07
3.174603174603174532e-09,8.778412698412699223e-07
1.635000000000000016e-07,8.777500000000000876e-07
3.104833333333333839e-07,8.774000000000000613e-07
6.324677419354838957e-07,8.778548387096775182e-07
9.362602739726027545e-07,8.787671232876712548e-07
1.379681818181818382e-06,8.781515151515151377e-07
1.496707865168539278e-06,8.788314606741572724e-07
1.832857142857143104e-08,8.788285714285715064e-07
3.298437500000000316e-08,8.796093750000000354e-07
1.782465753424657584e-07,8.793835616438356498e-07
1.933698630136986368e-07,8.796301369863014290e-07
6.630597014925373605e-07,8.790000000000000756e-07
6.795652173913043967e-07,8.797246376811594690e-07
8.220666666666667354e-07,8.786000000000000456e-07
1.048171875000000126e-06,8.791718750000000290e-07
1.128700000000000095e-06,8.797142857142856923e-07
1.233679012345679052e-06,8.800493827160494967e-07
1.340011111111111294e-06,8.804444444444444757e-07
2.084050632911392622e-07,8.803417721518987123e-07
6.481864406779660572e-07,8.792542372881357328e-07
6.942857142857143995e-07,8.806753246753247049e-07
8.375542168674699195e-07,8.805783132530121123e-07
9.511071428571429805e-07,8.804404761904761575e-07
2.236521739130434842e-07,8.814782608695652582e-07
3.369827586206896928e-07,8.808620689655172378e-07
4.122352941176470724e-07,8.813970588235294370e-07
4.271666666666667132e-07,8.817500000000000705e-07
4.420238095238095521e-07,8.819285714285715276e-07
7.093026315789474895e-07,8.818026315789474261e-07
9.810158730158730704e-07,8.815714285714286134e-07
1.194194444444444436e-06,8.816111111111111594e-07
4.825396825396825718e-08,8.814444444444445508e-07
2.386153846153846162e-07,8.826923076923077440e-07
3.675000000000000284e-07,8.830000000000000585e-07
3.827866666666667353e-07,8.822400000000000438e-07
3.975285714285714517e-07,8.819571428571429734e-07
4.573809523809524286e-07,8.820634920634921205e-07
4.720303030303030400e-07,8.826212121212122154e-07
7.245540540540541501e-07,8.827297297297297765e-07
8.525352112676056881e-07,8.827605633802818231e-07
1.154166666666666910e-06,8.832380952380952288e-07
1.482392405063291219e-06,8.829367088607595528e-07
6.388732394366197816e-08,8.828873239436620592e-07
7.878378378378379889e-08,8.837972972972973957e-07
4.869056603773585150e-07,8.829433962264151106e-07
5.017023809523810324e-07,8.835952380952381430e-07
9.659066666666667846e-07,8.829333333333333515e-07
1.089191011235955204e-06,8.840786516853933218e-07
1.259439024390244027e-06,8.832317073170732312e-07
1.365302631578947434e-06,8.836578947368421630e-07
1.438825396825396869e-06,8.829206349206349665e-07
5.311076923076923824e-07,8.842000000000001487e-07
7.397166666666667954e-07,8.835499999999999940e-07
7.543589743589744394e-07,8.850384615384615628e-07
8.676301369863014804e-07,8.843698630136986436e-07
9.953676470588235659e-07,8.841323529411765021e-07
1.300285714285714294e-06,8.841250000000000901e-07
1.522024691358024829e-06,8.851358024691358306e-07
9.379411764705883155e-08,8.856764705882352984e-07
5.164464285714285517e-07,8.843928571428571699e-07
5.478351648351648984e-07,8.858901098901099447e-07
1.010594202898550809e-06,8.851884057971015049e-07
1.219459459459459402e-06,8.855000000000000346e-07
3.223461538461538784e-07,8.863076923076922808e-07
7.693417721518987374e-07,8.860759493670885943e-07
8.823478260869565727e-07,8.861159420289855666e-07
1.114185714285714288e-06,8.860142857142857421e-07
1.180395061728395328e-06,8.867901234567901360e-07
1.326141176470588390e-06,8.866941176470589104e-07
1.392306818181818325e-06,8.864090909090909638e-07
1.467814814814814890e-06,8.864814814814815388e-07
1.244666666666666827e-07,8.883733333333333791e-07
5.622727272727273084e-07,8.877272727272727848e-07
5.931558441558442264e-07,8.889090909090909399e-07
7.843611111111111588e-07,8.879027777777778576e-07
8.970895522388059684e-07,8.880895522388060333e-07
1.140345679012345836e-06,8.889753086419753599e-07
1.245512820512820533e-06,8.887051282051282226e-07
1.424898550724637893e-06,8.880579710144927579e-07
1.394430379746835539e-07,8.891518987341772360e-07
5.777424242424242596e-07,8.887878787878788513e-07
6.091282051282051624e-07,8.893846153846154260e-07
9.124302325581395687e-07,8.895000000000000175e-07
1.024805555555555621e-06,8.890555555555555867e-07
1.351460000000000059e-06,8.886399999999999952e-07
1.545303030303030358e-07,8.901060606060606723e-07
6.241617647058823100e-07,8.901029411764706697e-07
9.275432098765432045e-07,8.907901234567901189e-07
1.075557377049180419e-06,8.900491803278689268e-07
1.205487500000000120e-06,8.911250000000000866e-07
9.161764705882353332e-09,8.908676470588235500e-07
1.694078947368421300e-07,8.915000000000000618e-07
2.789245283018868037e-07,8.904716981132076716e-07
3.082823529411765436e-07,8.917764705882353331e-07
6.550563380281690283e-07,8.919295774647888101e-07
6.700315789473684784e-07,8.920736842105262703e-07
1.039578947368421150e-06,8.916710526315789942e-07
2.400000000000000315e-08,8.920000000000000994e-07
1.847466666666666904e-07,8.924800000000001143e-07
1.999726027397260478e-07,8.927260273972603728e-07
6.858314606741572779e-07,8.932022471910113055e-07
1.054301587301587296e-06,8.920634920634921307e-07
1.101123076923077015e-06,8.921230769230769829e-07
1.166197183098591670e-06,8.924225352112676234e-07
1.271409638554216871e-06,8.920602409638554988e-07
1.312101010101010334e-06,8.928383838383838446e-07
1.378337662337662308e-06,8.925974025974026344e-07
3.900000000000000512e-08,8.930000000000000686e-07
2.145866666666666982e-07,8.934133333333333766e-07
8.289054054054054633e-07,8.931486486486486655e-07
1.492716666666666828e-06,8.929166666666666585e-07
4.051518987341772431e-07,8.945569620253165730e-07
4.195074626865671949e-07,8.941940298507463322e-07
4.342666666666666642e-07,8.945600000000000376e-07
4.493600000000000480e-07,8.946799999999999619e-07
7.005641025641025802e-07,8.942435897435897781e-07
7.159318181818181728e-07,8.951931818181819024e-07
9.562352941176471262e-07,8.942500000000000567e-07
1.126455696202531872e-06,8.945443037974684506e-07
1.232166666666666841e-06,8.947307692307693643e-07
1.404712328767123552e-06,8.941506849315068971e-07
5.454098360655737824e-08,8.951147540983607080e-07
2.297719298245614096e-07,8.946140350877194343e-07
3.338039215686274785e-07,8.949803921568628027e-07
3.895633802816901581e-07,8.947746478873240084e-07
8.436233766233767006e-07,8.952597402597403180e-07
1.338243589743589889e-06,8.955512820512821677e-07
1.531440677966101773e-06,8.954406779661017423e-07
6.971232876712328443e-08,8.963013698630138006e-07
3.602380952380952704e-07,8.960634920634921136e-07
3.748382352941176226e-07,8.959117647058823974e-07
4.786891891891891794e-07,8.959324324324324324e-07
4.938108108108108268e-07,8.963648648648649259e-07
7.307656250000000893e-07,8.960468750000000792e-07
8.587341772151899101e-07,8.964303797468355000e-07
9.708732394366197634e-07,8.963098591549296070e-07
1.191653333333333485e-06,8.961066666666667287e-07
1.478249999999999992e-06,8.972261904761905850e-07
8.462857142857143577e-08,8.976142857142857666e-07
2.941612903225806950e-07,8.974677419354840054e-07
5.370120481927711265e-07,8.977469879518073008e-07
7.454347826086957241e-07,8.975217391304347767e-07
9.861884057971015755e-07,8.971884057971015595e-07
1.152358974358974483e-06,8.978205128205128550e-07
1.001267605633802977e-07,8.987746478873239913e-07
2.660857142857143107e-07,8.982142857142857058e-07
5.222950819672131668e-07,8.978032786885247454e-07
7.605316455696203196e-07,8.981772151898735215e-07
8.735200000000000027e-07,8.985600000000000205e-07
1.001309859154929660e-06,8.983661971830987040e-07
1.364657894736842195e-06,8.983289473684211260e-07
1.436220000000000032e-06,8.969400000000000894e-07
1.087415094339622595e-06,8.984905660377359886e-07
1.298442622950819849e-06,8.990491803278688618e-07
1.518060240963855625e-06,8.994819277108433972e-07
1.147460317460317532e-07,8.999523809523809887e-07
3.202000000000000217e-07,9.008000000000000194e-07
7.758985507246376265e-07,9.000579710144928124e-07
8.884225352112676406e-07,9.000704225352113545e-07
1.218000000000000027e-06,9.004634146341464104e-07
1.463025000000000278e-06,9.006125000000000318e-07
1.308947368421052573e-07,9.013333333333334634e-07
9.031558441558442230e-07,9.016883116883118212e-07
1.015923076923076966e-06,9.015000000000000720e-07
1.177687500000000149e-06,9.014624999999999897e-07
1.283000000000000040e-06,9.005000000000001027e-07
1.324402439024390348e-06,9.017073170731707831e-07
1.391422535211267632e-06,9.011267605633802704e-07
1.453857142857142688e-07,9.026142857142858246e-07
5.513846153846154434e-07,9.017500000000000907e-07
5.849428571428572248e-07,9.023142857142856962e-07
6.000625000000000040e-07,9.019687500000000410e-07
7.904117647058824123e-07,9.021029411764706183e-07
1.419783783783783816e-06,9.022972972972973033e-07
1.606329113924050870e-07,9.038734177215190366e-07
5.696792452830189241e-07,9.025849056603774101e-07
6.321444444444444559e-07,9.046111111111111933e-07
8.050476190476190982e-07,9.032857142857144313e-07
9.183095238095238789e-07,9.033809523809524783e-07
1.138671428571428659e-06,9.035428571428571263e-07
1.244101449275362303e-06,9.034637681159420567e-07
1.555737704918033038e-08,9.040983606557376857e-07
1.756395348837209420e-07,9.049883720930233584e-07
6.168059701492537911e-07,9.038208955223881085e-07
6.617160493827161009e-07,9.048518518518518737e-07
8.196124999999999814e-07,9.052000000000001382e-07
1.047101694915254361e-06,9.044237288135594414e-07
1.350921052631579086e-06,9.047236842105263736e-07
1.503195121951219744e-06,9.042195121951219899e-07
2.793623188405796936e-07,9.054492753623189407e-07
6.470000000000000099e-07,9.046206896551725413e-07
6.770555555555555412e-07,9.059777777777777862e-07
9.336406250000000316e-07,9.051718750000000765e-07
1.061447761194029887e-06,9.050447761194029757e-07
1.203917808219178285e-06,9.061506849315068457e-07
3.035616438356164824e-08,9.058767123287671499e-07
1.910222222222222298e-07,9.064222222222223228e-07
2.064492753623188622e-07,9.059565217391303996e-07
3.063452380952380794e-07,9.066666666666666327e-07
6.922345679012345280e-07,9.072839506172840388e-07
1.098929577464788798e-06,9.065915492957746684e-07
1.269000000000000047e-06,9.065000000000000241e-07
1.448641509433962403e-06,9.053207547169811415e-07
2.212200000000000182e-07,9.062200000000001301e-07
4.115806451612903138e-07,9.078279569892474437e-07
4.262307692307692653e-07,9.072153846153847665e-07
4.412857142857142913e-07,9.077142857142856784e-07
4.562916666666667308e-07,9.075694444444445548e-07
7.070786516853933648e-07,9.078089887640449033e-07
8.345616438356165389e-07,9.073561643835617192e-07
9.482857142857144240e-07,9.071904761904761555e-07
1.164140845070422573e-06,9.069859154929577191e-07
1.310259259259259520e-06,9.076049382716050519e-07
1.377443181818181923e-06,9.074659090909091828e-07
1.488518987341772257e-06,9.078101265822785137e-07
6.119444444444444206e-08,9.082361111111110951e-07
3.324230769230769143e-07,9.088333333333333916e-07
3.833090909090909124e-07,9.076181818181818300e-07
4.714050632911392481e-07,9.086455696202532105e-07
7.221842105263158307e-07,9.085394736842105587e-07
8.498541666666666790e-07,9.091979166666666773e-07
9.628356164383562162e-07,9.086438356164383426e-07
1.075611111111111123e-06,9.073888888888889915e-07
7.575000000000000001e-08,9.093166666666667259e-07
4.864090909090909819e-07,9.094090909090908919e-07
7.370909090909091411e-07,9.095974025974026411e-07
9.774047619047620174e-07,9.100238095238095606e-07
1.124753086419753193e-06,9.093456790123457391e-07
1.230302325581395330e-06,9.095348837209303320e-07
1.403499999999999988e-06,9.090000000000001060e-07
7.516052631578947371e-07,9.106973684210526701e-07
9.927831325301204991e-07,9.105421686746988819e-07
1.189636363636363881e-06,9.107012987012987770e-07
1.432430555555555805e-06,9.107083333333334795e-07
1.528560975609756215e-06,9.104024390243902668e-07
9.124637681159420976e-08,9.110289855072464711e-07
2.399821428571428646e-07,9.112857142857143971e-07
3.576842105263158160e-07,9.113815789473685054e-07
5.025600000000000215e-07,9.108666666666667365e-07
8.650606060606060740e-07,9.109090909090908987e-07
1.336794520547945276e-06,9.111232876712329871e-07
1.473611764705882389e-06,9.117764705882353534e-07
1.063472222222222343e-07,9.125138888888890060e-07
2.660116279069767379e-07,9.130930232558139952e-07
7.670459770114943903e-07,9.124137931034483426e-07
8.799466666666667217e-07,9.126533333333333821e-07
1.150166666666666821e-06,9.124230769230769198e-07
1.363383561643835802e-06,9.129041095890411689e-07
1.213333333333333345e-07,9.131884057971015968e-07
5.339322033898305174e-07,9.125254237288135641e-07
7.811388888888889297e-07,9.139166666666666480e-07
1.006526315789473750e-06,9.130701754385965278e-07
1.363333333333333498e-07,9.145972222222222488e-07
2.921718750000000270e-07,9.142187500000000084e-07
8.948428571428572138e-07,9.144857142857143199e-07
1.110768292682926863e-06,9.151097560975609984e-07
1.296784810126582272e-06,9.146202531645569931e-07
1.513890410958904153e-06,9.142328767123288790e-07
5.635441176470587730e-07,9.160441176470588920e-07
5.786527777777778115e-07,9.157916666666667359e-07
5.937391304347826360e-07,9.156521739130435132e-07
7.963513513513514216e-07,9.155270270270270826e-07
1.022085714285714357e-06,9.150857142857143649e-07
1.216135802469135923e-06,9.155061728395062200e-07
1.281234374999999981e-06,9.150468750000000243e-07
1.459282051282051334e-06,9.155641025641026393e-07
1.517464788732394332e-07,9.159154929577464707e-07
3.184054054054054382e-07,9.160810810810810495e-07
5.486376811594203092e-07,9.164347826086956539e-07
6.083636363636364162e-07,9.166818181818182201e-07
9.095000000000000377e-07,9.159459459459459614e-07
1.038000000000000057e-06,9.158730158730159341e-07
1.175597402597402720e-06,9.163376623376624326e-07
5.676470588235294830e-09,9.171470588235294759e-07
1.669999999999999999e-07,9.171911764705883713e-07
6.236470588235294484e-07,9.174235294117647472e-07
6.530263157894736620e-07,9.177368421052631569e-07
8.114383561643835624e-07,9.176027397260274027e-07
9.245121951219512307e-07,9.175000000000001094e-07
1.052604938271604934e-06,9.175802469135803362e-07
1.323123076923076964e-06,9.170000000000000718e-07
1.390078431372549062e-06,9.162352941176470856e-07
1.416441558441558577e-06,9.173376623376624018e-07
3.446849315068493024e-07,9.183424657534247403e-07
6.384342105263158914e-07,9.185131578947369440e-07
6.684756097560975755e-07,9.188780487804878086e-07
1.136487179487179488e-06,9.184230769230769470e-07
1.241985507246376870e-06,9.186376811594202607e-07
1.498950617283950723e-06,9.187530864197531749e-07
3.689534883720930953e-08,9.193139534883722352e-07
1.816428571428571538e-07,9.184642857142857448e-07
3.701694915254237406e-07,9.192203389830508779e-07
8.259166666666667070e-07,9.197083333333334145e-07
9.394459459459460329e-07,9.192027027027027483e-07
1.067692307692307667e-06,9.193846153846154564e-07
1.349639534883720920e-06,9.198488372093024612e-07
1.443714285714285819e-06,9.197142857142857329e-07
5.216666666666667057e-08,9.202424242424242626e-07
2.521411764705882759e-07,9.202117647058824231e-07
4.330606060606060702e-07,9.203787878787879285e-07
4.479101123595505849e-07,9.207977528089888178e-07
4.632409638554217070e-07,9.210481927710844377e-07
6.983461538461538042e-07,9.203076923076922941e-07
9.543947368421054250e-07,9.206973684210526802e-07
1.082447761194029982e-06,9.204477611940298813e-07
1.267303370786516964e-06,9.211910112359551823e-07
6.730136986301370952e-08,9.217260273972603281e-07
2.785308641975308932e-07,9.216543209876542850e-07
7.132027027027027301e-07,9.211486486486486515e-07
7.281566265060241199e-07,9.222289156626506053e-07
8.406144578313254385e-07,9.219156626506023800e-07
1.162000000000000055e-06,9.214642857142857585e-07
1.201690909090909318e-06,9.203818181818181804e-07
1.484149425287356289e-06,9.221609195402299296e-07
3.048275862068965741e-07,9.226896551724139053e-07
4.165409836065574500e-07,9.217868852459016854e-07
7.432771084337349869e-07,9.228313253012049171e-07
9.690461538461539187e-07,9.221230769230770133e-07
1.309440476190476306e-06,9.224404761904762424e-07
1.376988636363636299e-06,9.227386363636364767e-07
8.251515151515151528e-08,9.230454545454545132e-07
4.776849315068493419e-07,9.232739726027397949e-07
8.558904109589041634e-07,9.232328767123288141e-07
9.840641025641025976e-07,9.231666666666667077e-07
1.097753846153846139e-06,9.230923076923078146e-07
1.402385542168674728e-06,9.238674698795181472e-07
9.737333333333333705e-08,9.244800000000000832e-07
3.303787878787879128e-07,9.239696969696970197e-07
4.929428571428571951e-07,9.240428571428571841e-07
7.581750000000000508e-07,9.246500000000000113e-07
8.708382352941177759e-07,9.245294117647059655e-07
1.122935483870967923e-06,9.237419354838710815e-07
1.227835443037974871e-06,9.243037974683544746e-07
1.524202531645569892e-06,9.243797468354431026e-07
1.123411764705882416e-07,9.261647058823529479e-07
2.379555555555555599e-07,9.261444444444444150e-07
3.574878048780487875e-07,9.261219512195122085e-07
5.075652173913043918e-07,9.246521739130435541e-07
5.224074074074074369e-07,9.254259259259260033e-07
9.989696969696971486e-07,9.248787878787879489e-07
1.187883116883116810e-06,9.255064935064935326e-07
1.428573529411764715e-06,9.252058823529412669e-07
1.273055555555555584e-07,9.266111111111111521e-07
3.860000000000000418e-07,9.263050847457626895e-07
7.727500000000000341e-07,9.264117647058823595e-07
1.335737500000000059e-06,9.260874999999999869e-07
1.469556962025316362e-06,9.261012658227848795e-07
1.429718309859154969e-07,9.279154929577465252e-07
2.111311475409836284e-07,9.269508196721312102e-07
5.376027397260274410e-07,9.268493150684932227e-07
8.858461538461539149e-07,9.274769230769231377e-07
1.013219178082191841e-06,9.269452054794521428e-07
1.028506666666666829e-06,9.279333333333333442e-07
1.148109756097560927e-06,9.275609756097560615e-07
1.253632183908046121e-06,9.276781609195402398e-07
1.362662500000000017e-06,9.281124999999999802e-07
2.648769230769230675e-07,9.280000000000000512e-07
5.713095238095238554e-07,9.290714285714285821e-07
5.864444444444445165e-07,9.287283950617284591e-07
7.876666666666666921e-07,9.279200000000000663e-07
9.002432432432433295e-07,9.285000000000000887e-07
1.577419354838709722e-07,9.294193548387097430e-07
2.909428571428571597e-07,9.289571428571430105e-07
5.560344827586206964e-07,9.293103448275862141e-07
9.152857142857143800e-07,9.297976190476190473e-07
1.043607142857143048e-06,9.296071428571429534e-07
1.454493975903614605e-06,9.298192771084337914e-07
2.667948717948718143e-08,9.312179487179487964e-07
6.011636363636364047e-07,9.293636363636363921e-07
6.161864406779660883e-07,9.300338983050848851e-07
8.025066666666666847e-07,9.300266666666666513e-07
1.214076923076923070e-06,9.301076923076923951e-07
1.279698412698412931e-06,9.300317460317461112e-07
1.190625000000000115e-08,9.307343750000000118e-07
3.168769230769230567e-07,9.310000000000000648e-07
6.593108108108108728e-07,9.313918918918919260e-07
6.757307692307693223e-07,9.313974358974359622e-07
9.303108108108109040e-07,9.312162162162163116e-07
1.058500000000000115e-06,9.313750000000000400e-07
1.173937499999999973e-06,9.305156250000000615e-07
1.295072727272727200e-06,9.300909090909091355e-07
1.321864197530864384e-06,9.316049382716050551e-07
6.440161290322580381e-07,9.320806451612904549e-07
8.171971830985914958e-07,9.320281690140845074e-07
1.073900000000000213e-06,9.328571428571429858e-07
1.389372093023255794e-06,9.323139534883721531e-07
4.242253521126760896e-08,9.328309859154930572e-07
3.440000000000000098e-07,9.330000000000001092e-07
4.396451612903225730e-07,9.331290322580645496e-07
7.044400000000001325e-07,9.335333333333333414e-07
9.450285714285715037e-07,9.329428571428572175e-07
1.134333333333333287e-06,9.329275362318840957e-07
1.239955882352941303e-06,9.338529411764706743e-07
1.494647887323943745e-06,9.329577464788732933e-07
5.748000000000000251e-08,9.345599999999999723e-07
1.979999999999999995e-07,9.343968253968254328e-07
2.240512820512820642e-07,9.344230769230769844e-07
2.503703703703704006e-07,9.351111111111111554e-07
3.727419354838709784e-07,9.334677419354839572e-07
4.250357142857142881e-07,9.338571428571429551e-07
4.538953488372093444e-07,9.345232558139535396e-07
8.318461538461538813e-07,9.338615384615385051e-07
9.598705882352942588e-07,9.343764705882353572e-07
1.200025316455696190e-06,9.344430379746836185e-07
1.349104651162790800e-06,9.344651162790698217e-07
1.440253333333333315e-06,9.341866666666667097e-07
4.689705882352941710e-07,9.350588235294117670e-07
4.843194444444445202e-07,9.356666666666666939e-07
7.195000000000000569e-07,9.350000000000000477e-07
7.343289473684210868e-07,9.357763157894737289e-07
8.467702702702703512e-07,9.354189189189190324e-07
9.750434782608697810e-07,9.358695652173913621e-07
7.206060606060606699e-08,9.358484848484848797e-07
2.780769230769231063e-07,9.361538461538462801e-07
4.995384615384616115e-07,9.368333333333333776e-07
8.617397260273973315e-07,9.364794520547945111e-07
1.090000000000000152e-06,9.365625000000000857e-07
1.160172839506172881e-06,9.364320987654321377e-07
1.266069444444444489e-06,9.365972222222222076e-07
1.480000000000000018e-06,9.365000000000000545e-07
8.913559322033898914e-08,9.372203389830509597e-07
3.035131578947368501e-07,9.374342105263159086e-07
7.488513513513514529e-07,9.374324324324324797e-07
9.901666666666666591e-07,9.371538461538462493e-07
1.120487500000000087e-06,9.381750000000000215e-07
1.307671428571428650e-06,9.374428571428572379e-07
1.375116883116883258e-06,9.376233766233766688e-07
1.041884057971014598e-07,9.386376811594202809e-07
3.302098765432098693e-07,9.391481481481481742e-07
5.143285714285714388e-07,9.377714285714287063e-07
5.289324324324323886e-07,9.388783783783783454e-07
7.641917808219179579e-07,9.386712328767123955e-07
1.520073529411764813e-06,9.383823529411765544e-07
1.340000000000000088e-07,9.397424242424243512e-07
8.764189189189190467e-07,9.388513513513514337e-07
1.019666666666666758e-06,9.402500000000000186e-07
1.225918918918918940e-06,9.388378378378378190e-07
1.190000000000000068e-07,9.400000000000001057e-07
3.854155844155844218e-07,9.409220779220780558e-07
7.791666666666666888e-07,9.403333333333334288e-07
8.915903614457832139e-07,9.407951807228916322e-07
1.004507246376811608e-06,9.397971014492754374e-07
1.185975308641975333e-06,9.404444444444445365e-07
1.334805194805194929e-06,9.406623376623377449e-07
1.402216216216216440e-06,9.400000000000001057e-07
1.426101449275362424e-06,9.399420289855073585e-07
1.465303797468354462e-06,9.402658227848101450e-07
1.845937500000000114e-07,9.408281250000000157e-07
2.107794117647058906e-07,9.417941176470588149e-07
3.567397260273972431e-07,9.410410958904109499e-07
5.631343283582089271e-07,9.416119402985074556e-07
5.785945945945946133e-07,9.416081081081081830e-07
5.941315789473684936e-07,9.417105263157895351e-07
1.034567164179104602e-06,9.418656716417911690e-07
3.480000000000000390e-09,9.429066666666666449e-07
1.487868852459016325e-07,9.415245901639344955e-07
2.370000000000000179e-07,9.420000000000000442e-07
6.088750000000000573e-07,9.423906250000000537e-07
7.940800000000001331e-07,9.423733333333334126e-07
9.064473684210526684e-07,9.422500000000000630e-07
9.213513513513513895e-07,9.429729729729731017e-07
1.146150684931507089e-06,9.424246575342465992e-07
1.252083333333333345e-06,9.427380952380952520e-07
1.361302325581395431e-06,9.430697674418604961e-07
2.633417721518987328e-07,9.428860759493671243e-07
4.105081967213115082e-07,9.424754098360655929e-07
1.786842105263158013e-08,9.441973684210526458e-07
3.356944444444444450e-08,9.443611111111111092e-07
2.897916666666667155e-07,9.438611111111111775e-07
8.086266666666667421e-07,9.444666666666667197e-07
1.049106666666666683e-06,9.442400000000000431e-07
1.064317647058823558e-06,9.451058823529412796e-07
1.106083333333333388e-06,9.440277777777778920e-07
1.212081081081081053e-06,9.445270270270270379e-07
1.450160493827160547e-06,9.447037037037037706e-07
9.363972602739726553e-07,9.457534246575342479e-07
1.172277777777777994e-06,9.456111111111110972e-07
4.800000000000000630e-08,9.467567567567568378e-07
3.163064516129032419e-07,9.460645161290324061e-07
4.453857142857143346e-07,9.463142857142857196e-07
4.606913580246913618e-07,9.474320987654321171e-07
7.106301369863014377e-07,9.468082191780821563e-07
9.511499999999999905e-07,9.465000000000000646e-07
1.079126984126984235e-06,9.462698412698414247e-07
6.320547945205479339e-08,9.479315068493150681e-07
1.710000000000000092e-07,9.470714285714286639e-07
3.428208955223881011e-07,9.473731343283582301e-07
6.378135593220339969e-07,9.466440677966102880e-07
8.228787878787879091e-07,9.475000000000000339e-07
9.663375000000000462e-07,9.478125000000000838e-07
1.132090909090909171e-06,9.476477272727273033e-07
1.279534482758620842e-06,9.471034482758621315e-07
1.321232876712328857e-06,9.468904109589042239e-07
1.388619047619047770e-06,9.473214285714285768e-07
1.490409836065573748e-06,9.471311475409836544e-07
3.693285714285714506e-07,9.478142857142857264e-07
4.753823529411764981e-07,9.482794117647059499e-07
6.527540983606556783e-07,9.483278688524591107e-07
7.260945945945945775e-07,9.483243243243243887e-07
8.381250000000000223e-07,9.482656250000000186e-07
1.238130434782608808e-06,9.484347826086957287e-07
1.529962962962963244e-06,9.485185185185185740e-07
7.792063492063493142e-08,9.493174603174604089e-07
1.968428571428571575e-07,9.490714285714286024e-07
2.233513513513513597e-07,9.492297297297296904e-07
2.494642857142857232e-07,9.502261904761905435e-07
3.976842105263158036e-07,9.493815789473685016e-07
4.904691358024691239e-07,9.494444444444444715e-07
8.527945205479453356e-07,9.494657534246576825e-07
9.810869565217391834e-07,9.497971014492754476e-07
1.198291139240506291e-06,9.494177215189874420e-07
1.347679012345679146e-06,9.495802469135803051e-07
2.757922077922078616e-07,9.508311688311689201e-07
4.231000000000000233e-07,9.501833333333333218e-07
5.056081081081081434e-07,9.503108108108109242e-07
7.406486486486486433e-07,9.500270270270270276e-07
9.519047619047619015e-08,9.507142857142857325e-07
1.100000000000000056e-07,9.517352941176471057e-07
5.206756756756756497e-07,9.517297297297297723e-07
8.675211267605634137e-07,9.511267605633803211e-07
1.092824561403508909e-06,9.504385964912281502e-07
1.158134146341463505e-06,9.512682926829268441e-07
1.265847222222222274e-06,9.516666666666667312e-07
1.475770114942528847e-06,9.515057471264368256e-07
3.027027027027027534e-07,9.519054054054054927e-07
5.363692307692307913e-07,9.520615384615384961e-07
7.557027027027027467e-07,9.519864864864865455e-07
8.822686567164179456e-07,9.527761194029851256e-07
1.011093333333333514e-06,9.527333333333334075e-07
1.307301587301587245e-06,9.520634920634920856e-07
1.265875000000000077e-07,9.531375000000001133e-07
7.699344262295082102e-07,9.535245901639345500e-07
7.848055555555555895e-07,9.540416666666666450e-07
8.975106382978724033e-07,9.545000000000001363e-07
1.118375000000000113e-06,9.533750000000001047e-07
1.224666666666666913e-06,9.535000000000000611e-07
1.374444444444444532e-06,9.530476190476191000e-07
1.419656250000000050e-06,9.536093750000000892e-07
1.572203389830508573e-07,9.538644067796611521e-07
3.293846153846153878e-07,9.545934065934066599e-07
5.539272727272726942e-07,9.534000000000000536e-07
5.710000000000000176e-07,9.543815789473684537e-07
1.026397058823529637e-06,9.545735294117648913e-07
1.515464285714285810e-06,9.541428571428572220e-07
1.414705882352941302e-07,9.545686274509804049e-07
1.830135135135135196e-07,9.553513513513514028e-07
3.834935064935065553e-07,9.557662337662338739e-07
5.858923076923076803e-07,9.547999999999999471e-07
1.183441558441558648e-06,9.550259740259742155e-07
1.292258620689655207e-06,9.547931034482759035e-07
1.333581395348837376e-06,9.554186046511628581e-07
1.401190476190476317e-06,9.552857142857144205e-07
1.460987341772152056e-06,9.553164556962024907e-07
8.945945945945946106e-09,9.566486486486486716e-07
2.093698630136986212e-07,9.565890410958905156e-07
3.566142857142857265e-07,9.559857142857142613e-07
6.723870967741936212e-07,9.559354838709676582e-07
7.996081081081082084e-07,9.563513513513514779e-07
9.127352941176471403e-07,9.558088235294118436e-07
1.040618421052631715e-06,9.567631578947369589e-07
2.377049180327869087e-08,9.572459016393443653e-07
2.356835443037974935e-07,9.569873417721518841e-07
4.105921052631579285e-07,9.570789473684210929e-07
6.015614035087719828e-07,9.568947368421054010e-07
6.869298245614035056e-07,9.571228070175439069e-07
1.055684210526316005e-06,9.576578947368421110e-07
1.143500000000000148e-06,9.575000000000001499e-07
1.251349999999999886e-06,9.576875000000001375e-07
2.620645161290322634e-07,9.582580645161290683e-07
2.888105263157894526e-07,9.593157894736841848e-07
6.162622950819672205e-07,9.579344262295081467e-07
7.011739130434782852e-07,9.581159420289854702e-07
8.143466666666667695e-07,9.580533333333332989e-07
9.273888888888890118e-07,9.573888888888889363e-07
1.070527027027027187e-06,9.583513513513514164e-07
1.103835051546391848e-06,9.596494845360825215e-07
1.359718750000000126e-06,9.581093750000000038e-07
1.445275862068965694e-06,9.593563218390805033e-07
1.501592592592592688e-06,9.582407407407408679e-07
4.514578313253012174e-07,9.598795180722891154e-07
9.421904761904762439e-07,9.592380952380953270e-07
1.210338235294117554e-06,9.594558823529411930e-07
5.349350649350649881e-08,9.602857142857143726e-07
3.155138888888889409e-07,9.606250000000000141e-07
6.307761194029850746e-07,9.597761194029850163e-07
7.168101265822785637e-07,9.603670886075949321e-07
8.289610389610390683e-07,9.603246753246753293e-07
1.169436619718309919e-06,9.605211267605633068e-07
6.870666666666666515e-08,9.613599999999999740e-07
4.665555555555555555e-07,9.607222222222221672e-07
4.816486486486486667e-07,9.613918918918919565e-07
6.458769230769230513e-07,9.614769230769231510e-07
8.443037974683544994e-07,9.617215189873417969e-07
9.569154929577464805e-07,9.607887323943662273e-07
1.278613333333333411e-06,9.613333333333334183e-07
1.486370370370370616e-06,9.613209876543211083e-07
8.474193548387096705e-08,9.620645161290324435e-07
1.695000000000000024e-07,9.623499999999999849e-07
3.431842105263157854e-07,9.623684210526316599e-07
4.964800000000000094e-07,9.625600000000000642e-07
7.318888888888889354e-07,9.620138888888889132e-07
9.714459459459458959e-07,9.622162162162164171e-07
1.320036585365853760e-06,9.621829268292683141e-07
1.958000000000000195e-07,9.638428571428573155e-07
2.219120879120879166e-07,9.640219780219780708e-07
3.695882352941176517e-07,9.628529411764706296e-07
5.117647058823529429e-07,9.635882352941177561e-07
7.463827160493827051e-07,9.636296296296296440e-07
8.588684210526316133e-07,9.632894736842105428e-07
1.129774647887323982e-06,9.634366197183099003e-07
1.237671875000000175e-06,9.630625000000000649e-07
1.388400000000000124e-06,9.637600000000001543e-07
1.525760563380281638e-06,9.634084507042254270e-07
1.015774647887324099e-07,9.640704225352113981e-07
3.961818181818182378e-07,9.643506493506494597e-07
5.279264705882353143e-07,9.640147058823530387e-07
9.871666666666666455e-07,9.645769230769231721e-07
1.195785714285714278e-06,9.643571428571429172e-07
1.346185185185185400e-06,9.643827160493826720e-07
1.430426470588235355e-06,9.647647058823529891e-07
1.167205882352941237e-07,9.646911764705884459e-07
2.486375000000000187e-07,9.654249999999999512e-07
4.222575757575758010e-07,9.653939393939393925e-07
5.446338028169013927e-07,9.656901408450705227e-07
7.614342105263159208e-07,9.656052631578948270e-07
8.738611111111111065e-07,9.650833333333333824e-07
1.002227272727272811e-06,9.662045454545456520e-07
1.089466666666666708e-06,9.648833333333333674e-07
1.155371794871795054e-06,9.660000000000001532e-07
1.471679012345679145e-06,9.659382716049381797e-07
2.752153846153846130e-07,9.655692307692307435e-07
5.617948717948719082e-07,9.662820512820513533e-07
7.761190476190475987e-07,9.670119047619048651e-07
8.884578313253012792e-07,9.669518072289157394e-07
1.017337662337662291e-06,9.665194805194805632e-07
1.263469879518072411e-06,9.665060240963855931e-07
1.306054794520548119e-06,9.670684931506850200e-07
3.018767123287671412e-07,9.671369863013700233e-07
5.775000000000000824e-07,9.676250000000001165e-07
1.115535714285714284e-06,9.682261904761905194e-07
5.923972602739726455e-07,9.684931506849316501e-07
7.910142857142858047e-07,9.682571428571429984e-07
9.031636363636364355e-07,9.676363636363637200e-07
1.032100000000000037e-06,9.686875000000001169e-07
1.222794871794871911e-06,9.685256410256410320e-07
1.373923076923076969e-06,9.678923076923077922e-07
1.416000000000000080e-06,9.680000000000000917e-07
1.511662650602409729e-06,9.684096385542169772e-07
1.559677419354838839e-07,9.687580645161290102e-07
3.290129870129870684e-07,9.696753246753246152e-07
6.074823529411765758e-07,9.700588235294117495e-07
6.787808219178082221e-07,9.692191780821919235e-07
9.180298507462686447e-07,9.690895522388060837e-07
1.181779220779220827e-06,9.698311688311688652e-07
1.332304878048780467e-06,9.703658536585367412e-07
1.456843373493975924e-06,9.697108433734939436e-07
1.491304347826087119e-08,9.701014492753624702e-07
2.995000000000000018e-08,9.704750000000000130e-07
1.820675675675675856e-07,9.703918918918919973e-07
3.552075471698113765e-07,9.701886792452831192e-07
3.823529411764706394e-07,9.710588235294118246e-07
6.933472222222222495e-07,9.706527777777778276e-07
8.058873239436619917e-07,9.706760563380282381e-07
9.332500000000000221e-07,9.710000000000001053e-07
1.046920634920635006e-06,9.701746031746032751e-07
2.084861111111111190e-07,9.712361111111111695e-07
2.347333333333333309e-07,9.719066666666666001e-07
4.089176470588235522e-07,9.717999999999999537e-07
4.423924050632911705e-07,9.720632911392404744e-07
1.062029411764706025e-06,9.709411764705883861e-07
1.291368421052631813e-06,9.714912280701754954e-07
1.497000000000000024e-06,9.716097560975610080e-07
4.486486486486486491e-08,9.723648648648649182e-07
4.580405405405405247e-07,9.731891891891891671e-07
7.082236842105264339e-07,9.723684210526315642e-07
8.203733333333333525e-07,9.724666666666668116e-07
9.480259740259741131e-07,9.724675324675325071e-07
1.142000000000000035e-06,9.724492753623188922e-07
1.249058823529411746e-06,9.724823529411765752e-07
1.399871428571428801e-06,9.726428571428571296e-07
7.580281690140845375e-08,9.738873239436620137e-07
2.618082191780822032e-07,9.732465753424659289e-07
7.232031250000000241e-07,9.738906250000000909e-07
1.076611111111111198e-06,9.730925925925925807e-07
1.357700000000000147e-06,9.730857142857142755e-07
1.441662337662337797e-06,9.740519480519482023e-07
6.010344827586207685e-08,9.735862068965517901e-07
4.727215189873417989e-07,9.743417721518986805e-07
4.881749999999999889e-07,9.750500000000000920e-07
8.348055555555556402e-07,9.740555555555555140e-07
9.627758620689654428e-07,9.737068965517241400e-07
1.208635135135135249e-06,9.742297297297297687e-07
9.053623188405797669e-08,9.751449275362320093e-07
3.145866666666666408e-07,9.755866666666667496e-07
5.030405405405405174e-07,9.758243243243244430e-07
6.525616438356165238e-07,9.753561643835617458e-07
1.167938271604938321e-06,9.754074074074074831e-07
1.482147727272727437e-06,9.761704545454545339e-07
5.190294117647058880e-07,9.760588235294117768e-07
5.344109589041096932e-07,9.770136986301370909e-07
7.380000000000000704e-07,9.759365079365080262e-07
8.501694915254237506e-07,9.759152542372881365e-07
9.790535714285714659e-07,9.762678571428572431e-07
1.275000000000000075e-06,9.758153846153846264e-07
1.317525641025641206e-06,9.768333333333335240e-07
1.085535714285714333e-07,9.767321428571429469e-07
1.415882352941176483e-07,9.768039215686274526e-07
1.683283582089552445e-07,9.770149253731344874e-07
3.416521739130435350e-07,9.770000000000001326e-07
8.646533333333333758e-07,9.772266666666667034e-07
9.933780487804877941e-07,9.778048780487805156e-07
1.235178082191780704e-06,9.774931506849314793e-07
1.522555555555555853e-06,9.782469135802470431e-07
2.212191780821917901e-07,9.788493150684933178e-07
3.689354838709677620e-07,9.777419354838711151e-07
3.951688311688311948e-07,9.787532467532467811e-07
8.796375000000000971e-07,9.790000000000000711e-07
1.008190476190476226e-06,9.789365079365080398e-07
1.127242424242424356e-06,9.777121212121214046e-07
1.344035294117647039e-06,9.792235294117647315e-07
1.385787878787878921e-06,9.780151515151514673e-07
1.426188405797101598e-06,9.785652173913044139e-07
1.953972602739725978e-07,9.787945205479452728e-07
2.475063291139240738e-07,9.801139240506329295e-07
5.528181818181818558e-07,9.788030303030303080e-07
5.681449275362319250e-07,9.793913043478261414e-07
6.666285714285714460e-07,9.792428571428572020e-07
7.666461538461539592e-07,9.789692307692309032e-07
1.193590909090909133e-06,9.788636363636364052e-07
2.741212121212121334e-07,9.802121212121213807e-07
5.836024096385542781e-07,9.806867469879518903e-07
7.817676767676767916e-07,9.807878787878787751e-07
8.947432432432432340e-07,9.805540540540542190e-07
1.022951219512195277e-06,9.805365853658536643e-07
1.154150000000000207e-06,9.805625000000001091e-07
1.467743589743589878e-06,9.802820512820513463e-07
3.006527777777777838e-07,9.815555555555556540e-07
4.206399999999999867e-07,9.804999999999999720e-07
5.983026315789474088e-07,9.820000000000000847e-07
9.093382352941177038e-07,9.818088235294116794e-07
1.260928571428571414e-06,9.814047619047618944e-07
1.302216867469879762e-06,9.816024096385544274e-07
6.842465753424658160e-07,9.823561643835618482e-07
7.967000000000001394e-07,9.827750000000000900e-07
1.037596153846153881e-06,9.822307692307692677e-07
1.220904761904762100e-06,9.833809523809525594e-07
1.369169811320754675e-06,9.816415094339622580e-07
1.412013333333333481e-06,9.824000000000001148e-07
1.507435294117647244e-06,9.825647058823530559e-07
9.239189189189190155e-07,9.830135135135136687e-07
1.113897435897435803e-06,9.834102564102565086e-07
1.282068965517241459e-07,9.837931034482759647e-07
1.539705882352941164e-07,9.840588235294117425e-07
3.265090909090909332e-07,9.840727272727273399e-07
3.542238805970149179e-07,9.845820895522388002e-07
4.492352941176470993e-07,9.852117647058825420e-07
6.132647058823529452e-07,9.839558823529413396e-07
6.992374999999999904e-07,9.845375000000001430e-07
8.114864864864864719e-07,9.843108108108109375e-07
9.390533333333333538e-07,9.844666666666666544e-07
1.179611111111111101e-06,9.845833333333333651e-07
1.452640000000000122e-06,9.841200000000001593e-07
3.484745762711864778e-08,9.846440677966102842e-07
1.819078947368421162e-07,9.855789473684211165e-07
3.813717948717948727e-07,9.857307692307693189e-07
4.343818181818181961e-07,9.853090909090908767e-07
1.053883333333333489e-06,9.845833333333333651e-07
1.068894736842105345e-06,9.856973684210525873e-07
1.287760000000000144e-06,9.857600000000001131e-07
1.328902777777777955e-06,9.850694444444445539e-07
2.339090909090909113e-07,9.867532467532469586e-07
4.643815789473684865e-07,9.864210526315790188e-07
7.141884057971015751e-07,9.866666666666666079e-07
8.260394736842106075e-07,9.860526315789474233e-07
9.540000000000000987e-07,9.858805970149253354e-07
1.139259740259740438e-06,9.869090909090909969e-07
1.246452380952381081e-06,9.869404761904762178e-07
1.493011363636363751e-06,9.864772727272727922e-07
2.085294117647059069e-07,9.865686274509804797e-07
4.072580645161290710e-07,9.869354838709676578e-07
4.793698630136987096e-07,9.874109589041096336e-07
8.409629629629629377e-07,9.873580246913580858e-07
9.694166666666666884e-07,9.875416666666666207e-07
1.084276315789473768e-06,9.875789473684210550e-07
1.396654320987654396e-06,9.875432098765431594e-07
2.599027777777777928e-07,9.882500000000000249e-07
2.872575757575757701e-07,9.880000000000001120e-07
4.944788732394366327e-07,9.879154929577464801e-07
5.106865671641791420e-07,9.880895522388060288e-07
1.356037037037036949e-06,9.882962962962963992e-07
1.437000000000000175e-06,9.885000000000001496e-07
8.450000000000000888e-08,9.889999999999999754e-07
5.252112676056338177e-07,9.891830985915494758e-07
5.418378378378378507e-07,9.898108108108109272e-07
7.288095238095239356e-07,9.887142857142857287e-07
8.558194444444444785e-07,9.890416666666667334e-07
6.961111111111111461e-08,9.893888888888890111e-07
1.411527777777777916e-07,9.909861111111110651e-07
3.131190476190475953e-07,9.903095238095239942e-07
7.434428571428572743e-07,9.905857142857143197e-07
9.844250000000001081e-07,9.901624999999999833e-07
1.165523076923076983e-06,9.898153846153846194e-07
1.272058823529411780e-06,9.900294117647059101e-07
1.478481927710843486e-06,9.909397590361446203e-07
3.391410256410256578e-07,9.918076923076922659e-07
8.706351351351351604e-07,9.912297297297297753e-07
9.993506493506495481e-07,9.918181818181819090e-07
1.098965517241379340e-06,9.904137931034483793e-07
1.232219512195121962e-06,9.923414634146342385e-07
1.313069767441860553e-06,9.916279069767441520e-07
1.669999999999999999e-07,9.915272727272728540e-07
3.679594594594594866e-07,9.923648648648649385e-07
5.594166666666666963e-07,9.918833333333334900e-07
5.742597402597403421e-07,9.927402597402598591e-07
6.588307692307692173e-07,9.919846153846154050e-07
7.580895522388060075e-07,9.920895522388059058e-07
8.857500000000000534e-07,9.928421052631578913e-07
1.125288461538461401e-06,9.912884615384617102e-07
1.382089552238805983e-06,9.920298507462686985e-07
1.422736111111111209e-06,9.927777777777778487e-07
1.518347826086956603e-06,9.925942028985507276e-07
1.948333333333333508e-07,9.934230769230769701e-07
1.014061728395061921e-06,9.936049382716049485e-07
1.029391891891891983e-06,9.939864864864864187e-07
2.207142857142857338e-07,9.938571428571430159e-07
3.937763157894737196e-07,9.943026315789475137e-07
5.898815789473684919e-07,9.944210526315789845e-07
6.752459016393443548e-07,9.942622950819672436e-07
7.728472222222221872e-07,9.940000000000001392e-07
7.880779220779221402e-07,9.944025974025974676e-07
9.005000000000001027e-07,9.940000000000001392e-07
9.152400000000000878e-07,9.951066666666666491e-07
1.192585714285714249e-06,9.945857142857144085e-07
1.340518987341772150e-06,9.942405063291139339e-07
1.145454545454545560e-08,9.946545454545455660e-07
2.466470588235294475e-07,9.947500000000000897e-07
2.737702702702702892e-07,9.955810810810810930e-07
4.199482758620689875e-07,9.950517241379310702e-07
6.900952380952381110e-07,9.962976190476191729e-07
8.027325581395349174e-07,9.964302325581395268e-07
1.151440476190476295e-06,9.954404761904762211e-07
1.463953125000000195e-06,9.946562500000000959e-07
2.994166666666666975e-07,9.966111111111111171e-07
6.047260273972603350e-07,9.963013698630137961e-07
9.301190476190476278e-07,9.965000000000001153e-07
1.045388059701492536e-06,9.964029850746268093e-07
1.258101449275362296e-06,9.959420289855072246e-07
1.298445783132530255e-06,9.964698795180722568e-07
9.451830985915493465e-07,9.978591549295774376e-07
1.218521739130434858e-06,9.975652173913043590e-07
1.407556962025316362e-06,9.974683544303797258e-07
1.503679012345679008e-06,9.970617283950619147e-07
1.267702702702702831e-07,9.984594594594595274e-07
1.542717391304347883e-07,9.987065217391303798e-07
3.255897435897436322e-07,9.982948717948719853e-07
4.408333333333333301e-07,9.982083333333333829e-07
4.558888888888889521e-07,9.988271604938271160e-07
6.192898550724637601e-07,9.988840579710145969e-07
7.044102564102565117e-07,9.982051282051282965e-07
8.173214285714286568e-07,9.980000000000000162e-07
1.060618556701030970e-06,9.987216494845362359e-07
1.366500000000000173e-06,9.981379310344827925e-07
1.448116279069767591e-06,9.985813953488371954e-07
3.521621621621621871e-07,9.994729729729731113e-07
8.319367088607595329e-07,9.996075949367089040e-07
9.601123595505618536e-07,9.999887640449438455e-07
1.325890410958904216e-06,9.994657534246577331e-07
5.860000000000000195e-08,9.998285714285714914e-07
1.815882352941176623e-07,1.000573529411764747e-06
2.075972222222222310e-07,1.001000000000000030e-06
4.709838709677419803e-07,9.996451612903226112e-07
4.858289473684210520e-07,1.000499999999999992e-06
5.020289855072464483e-07,1.000463768115942144e-06
7.195975609756097971e-07,1.000512195121951223e-06
1.075662337662337829e-06,1.000441558441558451e-06
1.178200000000000214e-06,9.998923076923076553e-07
1.489261904761904820e-06,1.001107142857143031e-06
3.286206896551724128e-08,1.000499999999999992e-06
1.008524590163934420e-07,1.000655737704918033e-06
2.332142857142857465e-07,1.001628571428571415e-06
3.802794117647058930e-07,1.000897058823529415e-06
5.327283950617284601e-07,1.002061728395061867e-06
8.467538461538461281e-07,1.000830769230769183e-06
9.750909090909092341e-07,1.001779220779220857e-06
1.244239436619718522e-06,1.001492957746478949e-06
1.284388888888888940e-06,1.000930555555555574e-06
1.393382022471910301e-06,1.001910112359550596e-06
2.604430379746835389e-07,1.002974683544303935e-06
4.062941176470588704e-07,1.002044117647058789e-06
6.488125000000000667e-07,1.002925000000000016e-06
7.344400000000000570e-07,1.002306666666666766e-06
1.090481012658227953e-06,1.002354430379746895e-06
1.136356164383561771e-06,1.002068493150685108e-06
2.859600000000000010e-07,1.003986666666666766e-06
7.491323529411765241e-07,1.003794117647058814e-06
8.615522388059702731e-07,1.003223880597015078e-06
9.902696629213483663e-07,1.003595505617977570e-06
1.104722222222222186e-06,1.003708333333333373e-06
1.351910447761194225e-06,1.003447761194029764e-06
1.433440000000000162e-06,1.002973333333333413e-06
7.304687500000000207e-08,1.003765625000000165e-06
5.482105263157895122e-07,1.003473684210526487e-06
8.764342105263158785e-07,1.004657894736842042e-06
1.163394366197182969e-06,1.004647887323943778e-06
1.203299999999999982e-06,1.004016666666666747e-06
3.119315068493150376e-07,1.005356164383561670e-06
5.654142857142857962e-07,1.005214285714285698e-06
6.647750000000000218e-07,1.005737500000000042e-06
1.005075949367088641e-06,1.005379746835443153e-06
1.473612499999999988e-06,1.005712499999999987e-06
1.409696969696969831e-07,1.005878787878787999e-06
3.373882352941176678e-07,1.007070588235294205e-06
5.806309523809524767e-07,1.006250000000000107e-06
7.639393939393940206e-07,1.005848484848484845e-06
8.911587301587302084e-07,1.006206349206349137e-06
1.121584905660377558e-06,1.005490566037735981e-06
1.310929577464788843e-06,1.006070422535211377e-06
1.514578947368421049e-06,1.007276315789473701e-06
4.564062500000000109e-08,1.007015625000000091e-06
1.141898734177215189e-07,1.007367088607595075e-06
1.680000000000000220e-07,1.007210526315789480e-06
6.803544303797469495e-07,1.007632911392405114e-06
9.060000000000000924e-07,1.007184615384615488e-06
1.019892307692307676e-06,1.006923076923076926e-06
1.230000000000000082e-06,1.007173333333333305e-06
1.270571428571428828e-06,1.007000000000000057e-06
1.378119047619047828e-06,1.007500000000000095e-06
1.944864864864864925e-07,1.008310810810810835e-06
5.953835616438355949e-07,1.008369863013698642e-06
7.789137931034482656e-07,1.007879310344827571e-06
7.934500000000001070e-07,1.008237500000000018e-06
9.207567567567567903e-07,1.008824324324324381e-06
1.189600000000000011e-06,1.009082352941176572e-06
1.337321428571428654e-06,1.008869047619047721e-06
1.417540000000000026e-06,1.007400000000000087e-06
1.458903614457831368e-06,1.008578313253012094e-06
1.980952380952381060e-08,1.008761904761904931e-06
2.200338983050847479e-07,1.008559322033898260e-06
3.633934426229508762e-07,1.008868852459016338e-06
3.925614035087719510e-07,1.008824561403508951e-06
1.036857142857142858e-06,1.009200000000000011e-06
1.148505617977528155e-06,1.010325842696629356e-06
2.461111111111111135e-07,1.010333333333333500e-06
6.100499999999999867e-07,1.010475000000000054e-06
6.956212121212121424e-07,1.010030303030303014e-06
8.083846153846153756e-07,1.009861538461538392e-06
9.360810810810810698e-07,1.010189189189189194e-06
1.296417721518987254e-06,1.010835443037974662e-06
2.727647058823529336e-07,1.011235294117647235e-06
2.985921052631579314e-07,1.011592105263157924e-06
4.181833333333333755e-07,1.010833333333333537e-06
4.471846153846153971e-07,1.011046153846153898e-06
1.051500000000000012e-06,1.011358974358974478e-06
1.404107142857143027e-06,1.012011904761904858e-06
1.499870588235294171e-06,1.011470588235294112e-06
6.247468354430380282e-07,1.012367088607595027e-06
8.229538461538462458e-07,1.012123076923077104e-06
1.066538461538461540e-06,1.012320512820512881e-06
1.215597701149425378e-06,1.012735632183908149e-06
1.256119402985074756e-06,1.012000000000000009e-06
1.363835820895522506e-06,1.012328358208955391e-06
1.276666666666666849e-07,1.013628205128205059e-06
1.536911764705882380e-07,1.013867647058823685e-06
3.237466666666667043e-07,1.013613333333333407e-06
5.087297297297297363e-07,1.013297297297297278e-06
5.239610389610390239e-07,1.014142857142857071e-06
9.658441558441559032e-07,1.013558441558441663e-06
1.444000000000000066e-06,1.013362500000000032e-06
3.498333333333333226e-07,1.015064102564102597e-06
6.393157894736841781e-07,1.014605263157894697e-06
7.250000000000000466e-07,1.013627450980392322e-06
1.081460526315789446e-06,1.014276315789473803e-06
1.175443037974683725e-06,1.014379746835443194e-06
1.322870129870129873e-06,1.014467532467532486e-06
3.290123456790123311e-08,1.015432098765432144e-06
5.981250000000000702e-08,1.014750000000000110e-06
1.014761904761904906e-07,1.015273809523809633e-06
1.809740259740259777e-07,1.014883116883116941e-06
5.389365079365080174e-07,1.015555555555555667e-06
8.520405405405405853e-07,1.015283783783783708e-06
9.810602409638555149e-07,1.015373493975903648e-06
1.096542168674698880e-06,1.015927710843373576e-06
1.282466666666666808e-06,1.015600000000000068e-06
1.484792682926829259e-06,1.015560975609756002e-06
7.925373134328359027e-09,1.016746268656716566e-06
2.067027027027027143e-07,1.015905405405405536e-06
2.323384615384615482e-07,1.016430769230769296e-06
3.760892857142857602e-07,1.015660714285714457e-06
7.394512195121952600e-07,1.017207317073170884e-06
1.134587301587301835e-06,1.016380952380952498e-06
1.389783783783783892e-06,1.016472972972973118e-06
1.525014285714285786e-06,1.016585714285714367e-06
4.046153846153846468e-07,1.016250000000000011e-06
5.562063492063492099e-07,1.017111111111111175e-06
6.540307692307692802e-07,1.016692307692307859e-06
8.677272727272727645e-07,1.016454545454545510e-06
9.956842105263159438e-07,1.017131578947368403e-06
1.111306451612903148e-06,1.017064516129032340e-06
1.241629629629629566e-06,1.017617283950617368e-06
2.589142857142857450e-07,1.018171428571428712e-06
5.721562500000000118e-07,1.018234375000000127e-06
8.818450704225352740e-07,1.018577464788732376e-06
1.201220930232558339e-06,1.018430232558139697e-06
1.348753424657534243e-06,1.018205479452054835e-06
1.429902777777777920e-06,1.018541666666666620e-06
7.388888888888889319e-08,1.018682539682539743e-06
2.853392857142857186e-07,1.018125000000000099e-06
6.710000000000000130e-07,1.019245614035087701e-06
8.967794117647058924e-07,1.019323529411764780e-06
1.010825396825396901e-06,1.018873015873016049e-06
1.160608695652174122e-06,1.019565217391304530e-06
3.100158730158730573e-07,1.019968253968254065e-06
7.541846153846154329e-07,1.019753846153846208e-06
1.307836065573770440e-06,1.020098360655737719e-06
1.470550724637681265e-06,1.019956521739130388e-06
4.642372881355932218e-08,1.020457627118644052e-06
1.405666666666666747e-07,1.020516666666666716e-06
6.858113207547170981e-07,1.020471698113207697e-06
7.685535714285715331e-07,1.020553571428571407e-06
1.027599999999999911e-06,1.020383333333333302e-06
1.267812499999999985e-06,1.020468750000000156e-06
1.415807017543859741e-06,1.020508771929824660e-06
1.510446428571428797e-06,1.020553571428571407e-06
3.364117647058823968e-07,1.020862745098039301e-06
9.267407407407408306e-07,1.020833333333333442e-06
1.375125000000000027e-06,1.020821428571428593e-06
